64,84,65,72,62,80,64,72,62,74,64,74,62,85,65,75,62,86,69,79,64,88,64,75,62,88,70,73,65,81,65,82,64,85,65,78,64,88,65,78,65,85,66,85,64,85,66,79,64,85,66,81,64,85,68,79,64,85,68,80,63,85,65,74,64,44,36,60,72,49,35,41,61,47,39,60,71,55,49,64,89,62,57,64,88,62,56,65,84,56,49,62,78,56,42,60,75,56,46,61,74,56,51,62,82,56,40,60,72,91,88,88,65,88,88,90,88,90,75,81,64,85,65,66,60,70,61,64,62,73,62,70,62,81,64,73,62,82,65,72,64,83,64,73,64,81,70,77,63,85,68,78,66,86,76,85,70,88,71,87,70,85,71,79,64,85,64,72,62,73,64,70,62,81,64,72,62,79,64,70,64,82,64,70,62,79,65,72,62,75,65,73,63,81,65,67,63,79,65,71,62,71,63,65,61,75,63,66,61,71,62,65,61,66,61,65,61,65,61,65,62,67,61,65,60,68,62,63,57,66,61,63,60,65,61,63,60,71,61,63,60,65,61,63,60,65,61,63,61,69,62,63,61,67,62,65
64,87,75,81,64,84,69,81,63,84,69,79,68,87,72,87,69,87,73,85,70,87,72,87,72,87,77,84,69,87,73,87,70,87,78,87,73,87,76,84,71,88,81,87,72,88,79,87,72,87,81,84,72,88,79,87,71,88,78,87,74,87,81,87,72,55,47,63,87,55,35,48,64,55,55,64,87,59,55,78,89,72,61,78,89,61,59,73,88,61,55,63,87,61,59,66,87,61,59,78,89,60,55,68,88,60,54,62,83,94,89,89,81,90,90,97,89,93,87,87,79,89,81,81,63,77,63,72,63,84,69,79,64,84,72,84,64,87,73,83,64,83,64,77,61,77,63,74,63,78,65,73,63,84,69,81,63,87,69,77,63,82,64,72,61,73,63,64,60,70,61,63,60,71,60,64,59,65,61,66,61,72,61,64,57,70,61,64,59,65,61,63,60,65,61,66,59,69,61,64,60,69,59,63,59,69,59,63,59,64,61,68,60,70,61,63,61,72,61,69,61,74,63,74,61,69,61,67,61,75,61,69,61,73,63,69,61,74,63,68,61,74,63,69,61,78,63,70,63,77,63,71,62,79,64,73
65,85,72,73,63,83,65,79,65,81,65,78,63,82,69,80,65,86,72,83,69,89,73,82,70,89,74,86,69,88,71,81,66,89,73,82,66,89,73,86,71,89,75,87,66,89,73,83,71,89,74,86,74,89,74,89,71,89,76,86,71,89,80,89,75,57,44,65,85,57,37,56,63,54,50,63,85,61,57,75,91,74,63,81,91,65,61,80,91,63,57,67,88,62,57,66,89,61,57,71,89,62,60,70,90,62,57,65,89,99,91,91,85,92,92,100,90,92,89,89,83,91,75,85,63,85,65,75,65,83,70,82,65,88,77,89,72,89,80,87,72,89,73,85,66,88,71,89,71,89,80,86,74,90,81,89,82,90,85,90,75,90,75,88,71,87,74,82,66,84,66,81,67,89,71,82,66,89,74,86,71,90,81,86,66,89,81,89,71,89,81,89,72,89,81,89,74,89,75,89,73,89,78,89,73,90,82,89,71,90,83,89,76,90,82,89,79,90,86,89,75,90,83,89,75,89,82,89,71,89,71,86,71,89,78,86,69,89,74,81,66,89,71,78,65,89,72,80,65,89,69,80,65,88,71,77
63,79,65,66,63,74,65,67,63,71,63,68,62,75,65,71,63,75,63,69,62,72,63,66,63,73,63,66,61,70,62,67,61,71,63,66,62,71,63,65,62,72,63,66,61,71,63,65,61,71,63,65,61,71,64,70,63,72,65,70,63,77,65,68,63,39,36,58,66,37,34,36,60,37,36,56,66,51,42,63,86,61,57,65,89,62,53,63,83,61,45,61,75,56,42,61,74,57,46,63,75,57,45,63,76,57,46,61,66,92,89,89,65,89,89,91,86,91,76,76,63,83,66,68,61,71,62,65,62,71,63,67,63,75,66,72,63,81,65,71,63,71,63,66,62,74,63,69,63,78,66,76,65,85,71,78,63,85,65,81,63,79,65,72,63,75,63,70,63,70,63,67,63,76,63,70,62,81,65,75,65,83,65,71,62,75,65,74,63,74,65,72,65,82,66,75,63,83,65,71,63,81,65,74,63,81,66,74,64,86,71,75,65,86,69,80,65,86,71,83,65,86,68,80,65,86,66,83,66,89,71,81,66,89,74,86,67,89,72,86,71,89,74,89,67,89,74,85,71,89,81,85,73,89,79,88
65,86,70,72,62,73,65,80,62,82,62,74,64,84,65,79,65,84,70,83,64,85,68,82,65,88,70,81,64,89,71,80,65,86,71,83,65,86,70,81,66,87,68,86,65,86,71,82,65,86,71,79,67,86,72,86,66,88,71,82,65,86,71,78,66,50,39,62,76,57,36,43,63,44,39,61,75,57,51,64,89,64,59,67,89,62,56,70,89,61,52,63,81,60,50,63,80,63,56,63,86,57,50,63,76,57,46,62,71,91,89,89,67,89,89,91,89,90,79,86,65,89,66,66,61,68,62,65,62,73,63,67,62,76,66,73,63,82,66,70,63,79,63,68,63,75,65,72,63,86,66,72,65,86,69,84,66,86,69,79,65,85,65,74,63,80,66,70,63,77,63,66,63,71,63,71,63,81,65,72,63,80,63,66,62,79,65,72,63,72,63,72,63,77,63,71,63,73,63,66,61,74,63,66,61,72,63,63,61,68,62,65,61,67,63,65,60,67,63,64,61,71,61,63,58,67,61,63,60,68,62,65,60,66,62,63,60,66,61,63,57,67,61,65,60,67,61,63,61,67,62,65,61,71,61,65
72,90,83,86,71,90,82,89,72,89,76,88,71,90,82,89,71,90,83,86,79,90,82,89,77,90,80,89,73,90,80,89,73,89,81,88,72,89,83,89,75,89,80,89,72,89,78,89,73,89,77,85,71,89,74,89,71,89,80,86,73,89,77,86,74,57,44,64,83,57,37,55,65,52,50,63,86,61,57,71,90,65,63,75,90,65,60,71,89,63,52,63,81,61,51,63,85,57,48,63,85,57,43,63,74,57,44,61,72,92,89,89,69,90,89,92,89,89,73,79,65,83,63,66,61,65,61,63,59,66,62,65,62,73,63,66,61,71,63,66,62,71,61,64,60,71,62,65,62,72,63,70,63,77,65,71,63,75,63,72,63,78,63,66,61,68,63,65,61,71,62,66,62,73,63,66,62,80,63,73,63,83,65,71,63,76,65,72,63,75,65,73,65,82,65,71,63,80,65,76,63,80,65,72,63,80,65,73,63,82,67,75,65,84,69,75,65,83,69,75,65,86,68,76,65,83,66,80,64,80,69,76,65,85,66,75,65,86,66,80,65,83,66,80,65,85,68,74,65,86,69,81,65,83,66,83
59,66,61,61,51,63,60,63,56,63,57,61,56,63,57,62,57,63,57,63,57,65,60,62,57,63,60,62,57,63,60,63,57,63,60,62,57,63,60,62,57,63,61,63,56,63,57,63,58,64,59,62,57,65,61,63,60,65,60,63,61,65,62,65,61,36,36,50,64,37,34,36,51,36,36,56,63,44,37,61,83,61,53,63,80,60,50,63,71,50,38,60,71,53,40,59,70,56,41,61,76,55,41,61,73,55,39,57,66,91,86,86,66,89,89,91,89,91,71,80,65,83,65,71,62,66,62,66,62,74,63,71,63,79,65,73,63,83,65,73,65,82,65,71,63,82,65,80,65,83,70,80,65,89,73,83,71,89,75,86,66,86,68,80,65,85,68,75,63,80,65,74,63,83,65,79,66,86,66,86,66,88,71,80,65,86,71,82,67,83,70,83,67,89,72,80,65,86,71,75,65,82,66,79,63,81,66,80,65,85,69,73,63,85,66,77,65,86,66,73,65,86,66,74,65,84,66,77,63,85,66,77,64,82,65,73,65,85,71,76,65,81,65,74,63,84,66,78,64,79,66,74,63,85,66,72
62,80,65,67,61,71,63,66,61,69,62,65,62,75,63,66,62,71,65,71,63,81,65,69,63,81,65,74,63,74,65,69,63,75,65,69,63,75,65,71,62,75,63,71,63,80,65,70,63,73,64,71,63,74,65,73,63,81,65,71,63,81,65,74,63,40,36,59,72,48,36,38,60,41,37,59,72,57,50,63,89,63,57,66,89,62,52,63,84,57,45,61,75,59,45,62,73,57,52,63,80,57,43,60,76,57,41,58,66,91,87,87,66,89,89,91,89,91,82,82,65,86,66,68,61,66,63,65,61,71,63,65,63,81,66,73,63,82,66,72,63,72,65,74,63,76,65,72,63,83,68,73,65,86,71,81,66,87,72,81,66,89,68,79,65,86,66,81,64,81,66,78,65,84,71,81,66,89,73,86,68,89,80,83,66,89,73,86,71,89,75,89,71,89,76,86,72,89,78,89,75,89,77,89,73,90,73,89,72,89,76,89,76,89,80,89,75,90,81,89,71,90,83,89,75,89,83,89,77,90,83,85,74,89,81,89,73,89,83,89,75,90,78,87,72,89,78,89,74,90,79,89,78,89,80,89
74,89,83,85,70,88,83,88,70,88,75,86,72,89,81,88,72,89,84,88,80,90,84,88,81,89,83,88,77,88,80,88,74,89,82,88,70,88,82,88,70,88,82,88,70,88,79,88,72,88,75,88,71,88,75,88,72,88,76,86,70,88,77,88,72,53,44,63,84,54,35,50,62,50,43,62,75,60,56,69,89,73,62,79,90,62,58,72,89,61,56,63,85,59,49,62,85,60,53,64,88,60,52,62,85,60,49,61,79,94,89,89,70,90,90,91,89,91,81,85,67,87,66,72,61,70,61,66,62,77,62,72,62,80,67,76,64,83,67,75,62,84,65,71,62,75,64,70,62,82,65,73,64,85,70,77,64,85,70,78,64,85,65,70,62,79,62,65,62,70,62,66,61,73,62,67,61,78,63,70,62,77,62,67,62,79,65,75,64,79,64,75,64,81,65,71,62,82,64,72,62,81,64,72,62,83,64,67,60,80,64,73,62,84,65,72,62,85,64,78,64,82,64,73,62,80,66,75,65,83,66,76,63,82,70,77,65,86,65,73,65,80,66,77,63,82,66,74,65,81,69,75,65,85,66,75
62,80,65,65,61,72,65,71,61,71,61,67,63,75,63,70,62,76,65,74,63,82,65,70,63,80,65,72,63,80,65,71,63,80,65,72,63,77,63,72,63,79,65,69,63,82,65,72,63,76,65,69,64,81,66,74,63,80,66,75,65,86,66,72,63,44,36,61,71,41,36,37,61,45,39,58,69,57,50,66,89,65,60,68,89,62,54,65,86,61,49,63,74,57,44,63,77,57,52,63,79,57,45,63,81,58,43,60,71,91,89,89,66,90,89,92,89,91,74,85,67,89,66,66,61,67,63,67,62,73,63,68,63,77,66,79,64,82,65,74,63,73,65,73,63,73,65,69,64,83,65,80,65,89,70,85,65,89,71,82,65,83,66,77,65,81,65,76,65,76,63,71,63,79,65,71,63,83,67,80,65,83,70,74,63,83,70,80,64,86,65,78,66,88,68,80,63,86,69,81,65,86,66,75,65,82,66,79,65,81,65,75,63,84,65,73,65,85,65,72,63,78,65,69,63,75,63,66,63,77,65,67,63,73,63,68,63,68,63,66,61,71,63,66,63,72,63,66,61,71,63,65,61,66,63,63
65,86,66,72,63,80,69,74,65,81,65,72,65,82,66,74,64,83,68,74,65,86,71,81,66,89,66,78,65,86,71,82,65,88,71,80,67,89,73,81,70,89,72,83,67,89,72,82,66,89,72,81,66,89,74,83,66,88,73,83,71,89,73,86,69,51,43,63,83,52,36,45,63,50,43,63,79,60,52,71,90,75,63,80,90,65,60,73,89,62,50,63,80,57,47,63,80,57,50,63,82,57,49,63,83,57,49,61,71,92,89,89,71,90,90,91,89,90,71,75,63,83,65,65,61,65,61,64,61,66,62,65,61,71,63,66,61,71,62,65,61,65,59,63,55,63,59,61,58,63,60,63,59,69,61,67,61,68,61,63,59,68,61,61,57,63,59,61,55,61,56,61,55,63,59,61,57,63,60,62,58,63,59,62,55,63,60,62,59,63,59,61,59,64,61,63,58,66,60,63,58,65,59,61,59,65,60,61,59,66,61,64,59,69,61,64,59,69,61,64,59,71,61,63,60,70,61,65,61,72,61,67,60,71,61,63,61,71,63,68,61,69,61,70,61,72,63,69,61,76,63,70,61,72,63,69
60,78,62,62,58,70,62,65,60,69,59,63,59,77,60,62,58,69,60,63,58,65,60,62,59,68,60,62,58,66,60,63,58,64,58,60,58,63,58,60,58,64,58,62,57,63,58,60,57,62,58,62,58,63,58,63,57,68,60,62,59,68,59,64,58,37,33,54,60,34,31,34,54,34,33,46,60,40,34,58,75,55,47,60,79,56,42,58,72,54,37,57,68,54,39,54,63,49,40,58,68,48,40,58,69,48,35,54,60,87,79,74,60,82,82,86,78,88,64,69,62,74,62,65,59,63,58,63,57,68,60,63,60,70,62,66,60,72,62,67,61,71,61,64,60,69,62,64,61,74,62,70,62,76,64,78,64,80,64,70,62,79,64,68,62,72,62,71,62,72,62,68,62,79,64,70,62,79,64,80,64,84,67,72,62,84,69,73,65,83,65,82,64,85,70,79,67,88,70,83,64,88,67,81,65,86,70,80,67,85,72,82,64,88,70,79,70,88,73,85,70,87,72,85,72,88,70,84,67,88,72,83,70,88,72,82,70,87,74,85,65,86,70,85,70,88,70,84,70,88,73,84,72,88,75,85
66,89,76,81,65,86,73,86,65,85,70,80,65,88,70,79,66,87,72,87,68,85,74,85,71,88,72,84,65,88,73,81,66,87,70,80,68,85,70,79,65,84,70,79,64,85,68,80,64,84,67,80,64,85,68,82,64,85,64,74,64,79,65,80,62,40,35,60,74,40,35,39,60,39,36,58,65,56,45,65,88,62,58,65,86,62,56,62,82,59,42,61,76,50,38,56,70,56,45,61,78,53,42,62,85,56,42,57,65,91,88,88,64,88,88,91,88,89,71,78,62,81,64,64,57,64,60,63,60,67,61,64,60,79,62,70,62,74,62,66,61,71,62,65,61,73,62,65,62,71,62,70,62,73,64,70,62,74,64,69,60,70,62,64,60,66,60,63,60,64,60,62,60,66,60,63,60,67,62,66,60,68,61,62,59,68,62,65,60,67,62,64,61,71,62,64,60,69,62,65,60,72,62,65,60,70,62,64,60,67,62,64,60,70,62,65,60,71,62,67,60,72,62,65,61,72,62,66,60,73,62,67,62,74,62,67,62,70,64,67,62,72,62,70,62,74,62,65,61,70,64,70,62,74,62,64
63,86,71,71,62,84,70,78,63,80,64,80,63,86,68,78,67,86,71,84,68,87,71,85,71,86,78,86,70,87,78,86,71,87,79,84,73,86,78,86,71,86,80,86,74,88,83,85,77,87,80,86,76,87,81,86,76,87,82,86,80,86,85,86,80,54,47,62,86,54,34,52,62,54,47,60,86,60,58,77,88,78,62,83,88,63,60,79,88,62,58,68,86,60,54,66,86,60,54,69,86,60,57,68,87,60,54,62,86,97,88,88,86,89,89,99,88,90,87,87,86,88,84,84,62,83,68,83,63,86,68,79,63,86,74,85,70,86,74,83,68,86,70,83,68,86,70,83,68,86,73,83,71,87,77,84,69,86,70,83,65,83,68,77,62,76,62,66,60,71,60,68,60,74,62,68,60,77,62,71,60,82,62,66,60,74,62,68,60,70,60,66,60,73,60,63,59,71,60,63,58,65,60,63,60,67,60,63,58,68,60,62,58,68,60,62,58,68,60,62,58,67,60,65,59,73,61,67,60,75,62,68,60,73,62,68,60,76,62,68,60,73,62,71,59,76,67,70,64,81,66,68,64,81,65,74
63,80,65,71,61,79,63,70,62,72,63,71,63,77,63,71,63,81,66,75,65,83,65,75,63,81,68,75,63,80,67,71,63,80,66,73,63,83,65,75,65,82,65,71,63,81,65,72,63,80,66,73,63,77,65,74,63,83,65,71,65,80,65,77,65,43,36,60,69,44,36,38,61,39,37,61,71,57,42,63,89,62,57,63,89,61,56,64,85,61,44,62,80,57,47,62,74,57,47,63,80,57,50,63,81,57,44,62,73,92,89,89,66,90,90,92,89,91,78,89,71,89,71,81,65,74,65,72,63,80,71,79,66,89,73,85,71,89,80,89,74,89,73,89,66,89,73,86,71,89,80,89,78,90,86,90,88,91,89,90,84,91,82,89,79,89,83,89,72,89,71,86,72,89,78,89,72,90,82,89,80,90,86,89,75,90,89,89,78,90,85,90,84,91,86,90,80,91,86,89,73,90,86,89,71,90,83,89,73,89,82,89,76,89,85,89,80,90,87,89,79,91,86,89,81,90,86,89,80,90,86,89,76,90,86,89,76,90,83,89,77,89,81,89,76,89,82,89,71,90,80,88,74,89,78,89
62,82,63,68,62,71,63,71,61,71,63,66,63,77,63,70,62,75,65,73,63,80,63,67,63,78,65,71,63,76,65,67,63,80,65,71,63,80,65,66,63,74,63,69,63,75,65,71,63,80,63,69,63,74,65,74,63,77,63,71,63,76,65,72,63,39,36,57,66,41,36,37,59,39,37,57,67,52,41,63,87,62,56,64,87,61,55,63,83,57,43,60,72,57,43,60,71,56,44,62,78,53,41,60,70,54,40,59,67,89,87,84,63,87,87,89,87,88,75,77,61,83,61,64,59,64,60,63,59,69,61,69,61,79,63,71,61,79,63,71,61,80,63,69,61,73,63,73,63,81,64,71,63,87,69,81,63,87,69,83,64,84,65,73,63,83,63,73,63,79,62,75,61,83,66,72,63,84,67,78,64,84,69,78,63,84,72,84,64,84,65,81,64,87,69,81,62,85,69,78,63,83,64,74,63,84,67,73,63,84,67,78,63,84,69,81,63,84,67,77,63,86,65,69,61,81,69,79,63,80,64,73,61,78,63,69,61,73,61,64,61,73,63,64,61,71,61,68,61,72,61,65,61,73,63,65
73,89,84,84,68,89,83,86,71,89,74,83,71,89,82,89,73,90,83,89,75,89,81,89,75,89,81,89,73,89,81,88,75,89,84,89,75,89,80,87,71,89,80,86,71,89,75,88,71,89,72,86,73,89,75,89,70,89,80,86,73,89,76,88,74,56,43,63,85,57,36,46,63,50,46,63,76,60,57,71,90,67,62,72,90,65,57,68,90,63,51,63,81,61,57,65,86,61,53,65,86,61,50,63,82,57,47,62,73,92,89,89,65,90,89,91,88,91,74,81,67,86,65,71,61,71,63,71,62,73,63,69,63,80,65,73,63,75,65,70,62,74,63,66,62,71,63,66,62,74,63,71,63,80,66,73,63,75,63,73,63,75,63,68,63,73,63,65,61,67,61,66,61,72,63,66,61,73,65,71,63,81,65,67,62,78,65,73,62,75,63,68,63,78,65,70,63,73,65,72,62,71,63,66,63,77,63,68,63,80,65,71,63,77,64,73,63,80,65,69,63,80,65,73,63,77,63,74,63,75,65,74,63,82,63,70,63,81,65,71,63,74,65,74,63,77,65,70,63,75,65,75,63,80,66,73
64,85,67,68,61,78,70,71,62,83,62,66,62,80,64,72,62,74,64,73,62,76,64,67,62,72,64,69,62,76,62,65,60,69,62,64,60,68,62,64,60,70,60,62,60,66,62,62,60,65,61,62,60,66,60,63,59,64,60,62,60,65,61,63,60,36,35,50,62,36,31,35,56,35,35,49,62,42,36,60,75,60,49,62,75,56,40,59,70,53,36,56,62,43,36,56,67,50,37,59,65,42,38,60,72,49,36,56,64,90,78,79,62,88,88,90,85,88,69,79,62,79,64,65,60,66,62,64,60,70,62,67,62,79,64,74,62,79,64,73,62,79,64,71,62,76,65,74,63,85,66,82,66,88,72,85,69,89,70,82,65,87,69,76,65,86,67,75,63,81,64,73,65,85,71,73,65,86,71,83,66,86,71,82,65,88,74,85,65,85,69,80,66,89,71,80,70,89,73,86,66,86,73,83,68,87,71,81,66,89,66,85,67,87,71,85,66,89,71,86,67,89,79,85,66,89,79,85,70,89,72,83,67,89,73,86,66,89,71,85,70,89,72,85,66,87,71,86,66,89,73,81,65,89,71,86
65,86,70,73,63,81,70,80,63,81,65,75,65,86,66,82,65,88,71,83,65,88,71,83,65,87,71,85,66,86,70,77,66,88,69,81,65,87,71,85,66,87,71,79,65,86,71,83,65,87,67,80,68,86,69,83,66,86,68,75,66,89,70,82,66,50,41,63,74,39,36,41,63,43,37,60,73,60,50,63,89,66,61,73,89,63,53,63,86,61,44,57,69,50,40,61,67,52,43,61,74,55,45,61,74,57,41,60,68,91,84,81,63,86,86,90,81,89,65,68,62,68,62,63,57,62,57,60,53,63,57,61,57,63,60,63,57,64,60,63,56,63,60,63,57,63,60,62,57,64,61,63,59,67,63,66,61,73,62,65,61,69,61,63,58,63,57,62,57,63,57,61,57,63,57,63,57,63,61,65,61,73,63,65,60,66,62,66,62,67,61,66,62,71,63,66,61,73,63,66,62,71,63,65,62,72,63,66,63,73,63,71,62,73,65,70,61,77,63,69,63,75,63,71,63,73,65,71,63,77,65,72,63,77,63,73,63,75,65,74,62,74,65,73,63,80,63,70,63,74,65,73,63,79,65,75
66,89,72,81,65,83,74,83,66,85,71,82,65,89,71,79,66,89,72,83,70,89,72,83,67,89,74,81,66,89,72,83,66,86,72,80,65,87,71,81,66,86,66,81,65,86,67,81,65,83,66,75,63,83,66,72,63,83,65,72,63,77,65,69,62,39,36,57,63,39,36,36,57,38,36,57,65,42,37,61,75,62,56,63,80,57,46,63,71,51,37,57,65,43,37,56,65,43,37,57,65,45,37,57,65,41,36,56,63,89,71,69,61,84,83,89,74,86,63,66,62,67,61,62,55,63,57,61,57,65,57,63,61,66,61,65,62,72,63,65,61,70,63,65,61,69,63,65,61,75,63,69,63,75,65,70,63,80,65,73,63,76,65,70,63,75,63,66,62,75,63,66,63,80,63,69,63,79,65,75,63,80,65,73,63,81,65,75,63,76,65,74,63,81,65,67,63,80,66,73,63,80,65,71,63,75,65,72,63,80,65,76,65,80,65,71,65,83,65,73,65,81,66,75,63,82,66,72,65,83,65,76,65,81,64,75,62,79,64,71,64,84,65,77,64,82,64,75,64,84,65,75,62,80,65,77
64,87,69,80,62,84,69,81,63,84,63,81,63,87,69,82,63,87,70,83,70,87,73,84,70,87,72,84,68,87,71,87,68,87,73,84,69,87,72,84,70,87,74,87,70,87,77,87,69,87,78,85,70,87,75,87,72,87,74,87,72,87,79,87,71,50,39,63,84,54,34,45,61,49,42,61,82,59,55,70,89,70,61,81,89,64,59,78,88,61,55,61,87,60,51,61,82,59,55,64,87,60,55,69,86,59,55,63,78,94,88,87,70,89,89,91,88,90,84,87,72,87,72,77,61,81,63,69,61,83,63,69,61,86,71,84,63,84,69,75,65,87,69,77,63,84,66,79,64,86,72,81,69,87,76,84,73,87,74,84,67,87,68,78,63,86,64,70,61,81,61,69,63,81,67,78,63,87,72,81,67,87,72,83,63,87,71,81,64,84,65,73,62,84,66,73,61,84,66,71,63,83,63,70,61,81,64,80,61,81,64,74,63,81,63,73,63,81,64,74,61,80,63,72,61,77,61,67,61,79,63,68,60,73,61,68,61,72,63,67,61,73,61,65,61,75,61,67,61,78,61,69,60,69,61,63
66,88,71,74,64,85,70,85,70,84,65,74,66,88,70,81,64,88,71,85,70,88,73,84,65,88,79,85,66,88,75,85,65,88,75,85,70,88,77,85,70,88,79,84,72,88,78,88,75,89,81,88,72,88,80,88,74,89,81,88,70,89,81,88,81,56,43,63,87,50,35,49,64,50,49,62,86,62,60,82,90,79,65,88,90,64,59,74,90,64,56,64,86,60,56,66,88,60,56,64,88,60,56,64,88,57,50,62,74,92,90,89,71,91,91,92,90,91,84,86,71,89,70,71,62,71,63,68,61,72,63,66,63,74,65,71,63,76,63,71,63,74,63,65,61,67,63,65,61,71,63,66,63,81,65,71,63,80,65,65,61,72,63,63,60,65,62,63,60,63,61,63,60,66,61,63,60,69,63,65,63,71,63,63,60,67,63,66,62,66,62,65,61,67,62,66,60,66,63,64,61,67,62,63,62,71,61,63,61,67,62,65,61,71,63,65,61,72,63,65,62,75,63,66,63,73,63,68,63,71,63,69,63,76,64,71,63,73,65,72,62,76,63,70,63,78,65,71,63,80,65,71,63,80,65,74
63,86,65,66,61,74,65,71,63,71,63,68,63,73,64,68,62,75,64,70,62,73,64,66,62,72,62,70,61,74,62,65,60,70,62,64,61,71,62,65,61,67,62,64,60,65,62,64,60,72,62,63,60,70,62,64,60,66,61,64,60,73,62,63,60,37,35,56,64,36,33,36,56,36,35,56,64,49,42,61,86,60,50,62,83,60,49,61,72,56,40,60,70,49,36,59,70,56,43,60,65,50,42,60,77,49,36,56,65,90,85,82,62,88,88,90,87,90,71,72,64,82,64,65,60,65,61,64,60,70,62,65,62,72,64,70,62,78,62,70,62,74,62,65,62,70,62,68,62,73,64,70,62,82,67,75,62,79,65,72,62,76,63,71,62,73,62,65,61,72,62,65,61,73,62,65,61,77,64,70,62,74,62,70,61,78,64,69,62,74,64,70,62,79,64,70,62,75,65,68,64,75,64,69,62,76,64,70,62,77,64,71,62,80,65,73,62,80,70,74,64,81,67,80,64,83,64,80,64,83,65,74,64,84,66,75,65,84,70,84,67,87,70,80,65,85,74,82,66,88,71,82,64,88,71,85
63,80,64,67,61,70,63,66,62,67,63,66,62,71,63,65,61,72,63,65,61,67,63,65,62,70,62,65,61,69,63,64,61,71,62,64,61,71,62,67,61,71,63,65,61,72,63,65,62,71,63,68,61,69,62,65,61,71,63,65,61,70,63,65,62,37,36,57,65,37,34,36,57,37,36,50,63,49,39,62,85,61,56,63,82,57,46,61,73,57,37,57,65,50,37,57,65,51,43,59,72,50,42,58,69,45,37,57,64,90,80,77,63,89,89,90,79,89,65,70,63,75,63,65,57,63,57,63,60,65,61,63,61,71,63,71,62,73,63,68,62,73,63,65,62,72,63,71,62,76,65,74,63,83,66,76,63,85,71,80,65,86,67,74,63,81,65,72,65,76,63,70,63,81,66,76,65,84,70,81,67,86,76,81,63,89,72,83,65,87,72,80,67,88,67,86,66,89,71,83,65,85,70,75,65,86,71,76,65,86,71,80,65,86,71,80,65,89,68,81,67,86,69,83,65,89,72,83,65,83,70,78,65,89,68,75,65,85,71,80,65,83,70,83,66,84,71,80,66,86,71,81,65,85,67,83
70,86,70,82,62,82,73,79,64,85,65,74,65,86,72,80,64,85,70,82,65,87,70,79,69,89,69,83,65,86,69,80,66,86,71,80,65,86,69,80,65,83,71,77,65,86,69,74,65,84,69,80,65,85,67,74,63,82,69,76,65,85,72,78,65,46,37,61,73,44,36,37,61,47,41,61,72,57,51,65,89,65,61,70,89,63,57,66,86,61,51,63,73,57,45,63,80,61,50,63,83,57,50,63,86,60,49,62,72,92,89,89,71,90,90,92,89,91,72,78,65,85,65,70,61,66,61,65,61,72,63,67,63,80,65,72,64,82,65,71,63,72,63,67,61,69,63,65,61,72,63,66,63,76,65,71,63,79,65,67,63,72,63,65,61,65,61,63,61,65,61,63,60,71,63,65,61,72,63,66,63,72,63,67,61,71,63,69,62,65,63,67,62,71,63,65,61,72,63,64,61,69,63,65,61,72,63,66,61,72,63,70,62,75,63,65,61,75,63,65,62,71,63,65,62,71,63,66,63,71,63,69,62,73,63,67,61,71,62,65,61,70,62,65,61,71,63,65,61,70,63,65,62,70,63,70
61,75,63,64,61,71,65,66,62,71,63,65,63,76,65,68,63,80,65,73,63,80,63,75,65,81,65,74,63,83,65,73,65,82,68,73,65,84,68,82,65,86,67,75,65,86,73,83,66,87,72,82,67,87,72,84,66,90,75,80,68,90,75,87,71,51,40,63,81,53,37,47,64,50,44,64,81,58,52,69,91,71,64,74,91,66,62,72,91,64,58,66,87,62,55,64,87,63,58,64,86,61,58,68,90,60,51,64,82,94,92,91,77,92,92,93,92,92,87,90,75,90,76,81,64,83,64,75,64,82,66,75,66,90,70,87,70,87,70,81,66,84,71,78,64,87,69,79,67,86,72,84,67,89,71,83,67,90,72,84,67,85,67,76,65,84,66,73,64,74,64,72,64,76,66,69,64,84,67,76,66,83,66,74,64,74,66,73,64,84,66,72,64,80,66,73,64,74,66,72,64,72,65,68,64,72,64,67,62,68,64,69,62,72,63,67,63,73,64,66,63,72,64,67,62,74,64,67,62,73,64,66,62,71,64,67,62,72,64,66,62,71,64,66,62,72,63,64,62,68,63,67,62,67,63,65
73,89,82,85,65,89,75,86,71,86,72,86,70,89,76,86,67,89,74,86,77,89,81,89,74,89,76,89,73,89,81,86,71,89,80,89,74,89,76,89,71,89,75,86,71,89,75,86,72,89,75,89,71,89,75,85,70,89,75,89,71,89,79,89,74,57,43,65,82,57,36,50,64,57,45,63,85,61,57,76,91,65,62,74,90,63,60,71,89,63,57,63,85,63,57,65,85,61,57,65,86,61,51,64,86,57,44,62,73,91,86,83,65,89,89,91,89,90,73,77,65,84,63,65,59,65,61,65,60,66,63,64,61,71,63,71,63,73,63,65,61,66,63,64,59,70,61,63,61,67,63,65,61,73,63,67,63,80,65,67,61,71,63,66,61,67,61,63,57,65,60,63,57,67,61,63,60,71,65,66,62,74,63,71,61,74,65,67,61,75,63,70,62,72,63,67,62,72,63,68,63,72,63,69,62,81,63,68,63,75,63,71,63,75,65,71,63,74,63,68,63,79,65,71,63,74,65,71,63,81,65,66,63,77,65,71,63,75,65,74,63,77,65,71,65,79,65,74,62,82,63,73,63,81,66,75
60,79,62,63,58,69,60,67,59,68,60,64,60,73,60,68,60,77,62,70,61,78,62,68,60,77,62,70,60,73,62,71,60,77,62,69,60,75,62,67,60,77,62,69,60,78,62,68,60,72,62,79,60,75,62,71,60,80,63,71,62,78,64,74,60,46,34,59,68,45,33,38,59,40,34,54,67,54,50,62,86,60,57,69,86,60,49,60,83,58,48,60,76,55,47,59,72,54,47,60,79,54,49,61,82,54,45,59,70,88,86,86,63,86,86,88,86,88,76,80,66,83,62,65,59,65,59,63,59,70,60,62,60,77,62,70,60,81,63,68,60,77,62,68,59,72,60,68,62,80,63,77,62,77,65,79,62,83,66,70,60,77,62,72,60,70,62,68,60,71,60,67,60,79,62,70,62,80,63,74,62,82,65,72,60,83,68,70,60,80,63,72,62,83,62,70,60,83,68,72,60,83,62,72,60,82,63,70,60,77,66,69,60,80,62,69,60,78,62,68,60,73,60,69,60,71,60,65,60,72,61,64,60,69,60,67,59,68,60,66,58,68,60,62,59,69,59,61,58,64,60,62,58,63,58,62
71,89,74,82,65,82,71,83,65,86,71,75,67,89,77,80,67,89,74,88,71,89,72,86,69,89,72,86,66,88,71,83,68,89,72,85,70,89,74,86,65,89,74,83,70,89,72,78,67,85,70,82,65,86,69,75,65,86,66,77,65,87,71,80,64,49,39,61,73,50,36,41,61,44,37,60,74,56,43,63,89,63,57,66,89,61,57,64,83,57,43,60,74,57,41,60,71,57,45,61,71,51,39,61,72,49,37,57,65,91,84,79,63,87,88,91,88,90,71,80,65,85,65,70,61,66,63,65,61,71,62,65,62,75,63,72,63,74,63,68,63,74,63,65,61,76,63,67,63,78,65,72,65,83,67,74,65,86,65,75,63,76,65,71,63,76,63,70,63,71,63,66,63,72,63,71,63,72,65,74,63,77,65,67,62,79,65,68,63,75,63,72,63,77,65,70,63,74,63,70,62,74,63,67,63,77,63,70,61,73,63,72,63,75,63,67,63,77,65,72,63,77,65,71,63,80,63,72,63,80,65,67,63,83,66,75,63,80,65,73,65,81,69,76,65,86,65,72,65,85,70,81,66,87,72,80
63,86,68,72,61,78,69,77,61,77,63,72,63,84,69,75,63,84,71,83,64,87,69,76,63,85,69,79,63,87,69,83,63,87,67,81,63,85,69,83,66,87,71,83,69,87,72,84,69,87,80,84,69,87,79,84,71,87,83,84,72,88,82,87,70,55,41,63,84,52,34,49,63,54,49,62,87,59,55,74,89,72,61,78,89,64,60,83,89,63,59,71,87,61,55,64,87,61,56,65,87,60,55,69,88,60,56,64,87,101,89,89,83,93,90,100,90,93,88,88,84,89,83,84,64,84,64,83,65,87,69,86,69,87,84,87,74,88,83,87,79,88,83,87,75,87,83,87,72,88,84,87,79,89,87,88,84,89,85,88,84,88,82,87,72,87,75,82,68,87,66,84,69,85,71,86,69,87,82,87,69,87,79,87,64,87,72,84,67,81,65,78,63,83,69,72,61,84,65,73,63,78,63,69,61,81,63,70,61,77,64,69,61,81,63,64,61,78,63,69,60,73,61,65,60,69,61,64,60,68,61,64,59,69,61,64,58,71,61,63,59,70,61,63,59,69,60,64,59,69,61,64,59,70,61,63
63,83,67,70,63,82,65,72,63,80,65,71,63,82,65,72,65,81,65,77,65,82,67,80,65,86,67,80,65,86,69,80,63,86,69,80,65,86,70,81,67,89,69,83,68,88,73,75,66,88,73,84,70,89,72,85,69,87,74,86,71,89,76,82,69,50,40,63,83,50,36,46,63,51,46,63,83,57,57,72,91,71,63,77,90,64,61,73,90,63,53,64,87,61,51,64,87,61,55,65,89,62,57,67,89,62,56,65,83,98,90,89,73,90,90,92,89,91,81,86,66,86,65,71,62,68,63,66,63,75,65,70,62,81,65,77,63,81,63,71,63,72,63,70,61,71,63,66,63,71,65,72,63,73,65,72,63,80,63,65,61,72,63,65,61,67,61,63,59,65,60,63,60,65,61,63,57,67,62,65,61,67,62,63,57,65,63,65,61,67,62,65,61,65,62,65,59,68,62,63,59,66,61,63,57,65,61,63,60,65,62,64,60,72,61,65,59,68,63,63,61,70,63,66,61,73,63,70,61,72,63,68,61,73,63,65,61,79,63,69,62,74,63,70,63,75,63,71,63,74,63,69,63,80,65,69
66,88,71,72,63,83,66,74,63,79,65,72,65,82,65,72,63,78,65,71,63,80,63,68,63,74,63,67,62,73,63,66,62,72,63,66,62,71,63,65,62,67,63,65,61,66,63,65,60,65,62,63,61,65,61,63,57,64,61,63,57,65,61,62,57,36,36,46,61,36,24,36,48,36,36,45,61,41,36,57,71,59,50,61,71,56,39,58,65,49,36,54,63,45,37,57,63,46,39,57,66,50,37,60,66,50,36,57,63,90,74,74,63,86,86,90,83,86,66,72,63,78,65,65,57,65,61,65,61,68,62,65,62,78,65,67,63,76,63,71,63,72,63,69,62,75,64,71,63,80,65,73,65,86,70,76,66,86,66,78,65,83,66,75,63,83,65,71,63,71,63,71,63,75,65,71,63,79,71,78,65,83,69,80,63,80,71,80,63,80,65,73,65,84,69,73,63,85,66,82,65,81,66,74,63,83,66,77,63,82,65,75,66,86,70,81,65,85,66,75,65,86,68,75,65,84,70,83,65,79,66,79,64,85,70,73,64,85,66,78,64,83,70,80,64,83,66,75,64,84,68,74,64,86,68,80
62,82,64,66,60,71,62,71,61,70,62,68,62,71,62,65,62,76,62,70,62,80,64,66,61,75,64,65,62,67,62,65,61,73,62,68,61,72,62,70,62,72,64,69,62,79,64,71,62,81,62,67,62,72,64,69,62,72,64,67,61,77,64,70,62,38,35,56,66,39,34,35,57,40,36,56,64,51,43,64,88,62,56,65,88,60,49,62,82,56,40,57,71,56,46,61,70,56,44,62,80,59,45,62,70,49,40,59,67,91,85,81,62,88,88,90,87,89,70,74,65,82,64,65,60,66,61,64,60,69,62,64,61,79,64,70,62,77,62,70,61,73,62,65,62,73,62,70,62,78,64,72,64,85,65,79,65,84,65,79,64,82,64,72,62,79,64,72,62,76,64,70,62,80,65,74,64,82,69,80,65,88,69,82,64,85,71,82,67,85,70,79,66,88,70,82,64,88,71,85,65,85,71,84,69,88,71,85,69,88,74,85,70,88,74,88,67,88,74,82,70,88,75,85,70,88,73,88,70,88,80,88,73,88,73,82,70,88,74,87,71,88,82,88,70,88,79,88,73,88,74,88,71,88,72,85
66,88,72,72,63,86,71,82,66,83,65,79,66,89,71,80,65,89,71,81,67,87,71,83,66,89,71,82,66,84,71,80,65,86,66,82,66,84,71,81,65,89,71,81,66,86,71,81,66,88,66,82,67,86,72,83,65,86,70,80,65,86,67,72,65,45,37,61,71,41,36,39,61,45,39,61,71,50,39,63,84,63,57,63,83,57,46,63,81,57,40,57,64,51,38,60,66,46,39,59,71,50,40,57,66,45,37,57,63,89,71,71,61,78,78,89,68,83,63,65,61,71,61,63,50,61,55,61,57,63,56,60,57,63,60,63,57,63,58,62,55,63,58,61,57,63,58,62,57,65,61,63,60,67,63,65,61,67,63,65,60,65,62,63,59,64,60,61,57,63,57,61,57,66,60,63,57,65,63,65,61,68,63,63,59,69,62,67,61,71,63,65,61,70,63,66,62,71,63,66,61,70,62,67,61,71,63,67,61,71,63,69,63,73,63,71,63,75,63,71,63,77,63,69,61,81,65,67,61,78,63,71,61,79,63,69,61,78,63,70,61,78,63,70,63,81,64,70,62,81,63,72,63,76,63,79
64,82,64,70,62,74,64,72,62,71,64,69,62,74,64,70,62,82,67,71,62,81,64,70,62,79,64,74,64,79,64,72,62,78,62,71,62,80,64,74,62,78,65,74,64,81,70,73,64,81,65,74,64,84,65,74,65,81,70,81,64,85,70,84,68,48,38,61,82,48,35,43,62,50,42,62,80,60,54,69,90,65,60,80,89,62,60,74,89,62,56,65,88,62,56,66,88,61,56,70,88,60,56,67,88,62,56,64,85,96,90,90,83,91,91,100,90,92,88,89,85,90,82,85,70,84,64,78,64,86,71,86,70,88,80,88,73,89,82,88,80,88,78,88,74,89,82,88,75,89,82,88,82,90,88,88,85,90,88,90,83,90,86,88,80,88,81,88,72,88,70,85,71,88,81,88,72,88,81,88,73,89,85,88,73,90,85,88,73,88,80,88,80,88,82,88,71,88,81,88,70,88,72,85,70,88,82,88,72,87,73,87,70,87,79,85,70,87,72,87,69,87,72,86,68,87,72,81,69,87,71,84,69,87,74,85,69,87,72,83,69,87,73,84,69,87,75,84,69,87,72,84,64,87,68,81
62,82,64,68,60,78,62,71,62,71,62,70,62,79,64,73,62,76,64,79,62,80,64,70,62,80,64,72,62,80,65,72,62,76,64,66,62,75,64,72,62,79,65,74,62,80,64,72,62,78,64,77,65,76,65,79,64,84,70,78,64,85,70,76,64,42,36,61,78,49,35,40,60,42,38,60,72,59,50,65,88,67,62,74,89,62,60,65,88,60,49,62,82,60,45,62,81,56,50,62,83,59,50,62,85,60,49,62,78,92,89,89,70,90,90,91,89,90,81,85,72,88,70,71,61,70,62,66,61,72,62,65,62,73,64,72,62,79,64,66,61,77,62,65,62,72,64,70,62,79,62,71,64,81,65,74,62,81,64,69,60,72,62,64,60,68,60,63,56,62,56,61,56,64,59,62,56,65,60,62,60,64,61,64,59,64,60,62,56,64,60,62,60,65,60,62,56,64,60,62,59,64,60,62,56,65,60,62,59,64,60,62,56,64,60,62,59,64,60,62,58,66,60,64,58,64,61,63,56,67,61,62,60,64,61,64,60,64,62,64,61,70,62,64,60,71,62,64,60,70,62,64,60,72,62,64
66,87,71,81,64,84,70,76,66,84,66,75,66,87,71,81,66,87,72,82,66,87,72,83,68,89,72,82,68,89,72,85,72,90,72,83,67,87,72,83,66,87,70,84,66,87,72,83,67,90,69,82,71,87,75,86,69,88,74,88,72,90,75,84,72,53,41,64,82,51,37,43,64,54,44,64,80,62,58,72,92,71,62,74,91,65,62,72,91,62,51,64,87,62,53,64,87,64,58,66,90,62,58,67,90,62,56,64,83,96,91,91,75,92,92,94,91,93,87,90,75,90,75,84,66,76,66,73,64,82,66,81,67,90,74,85,72,90,72,87,72,90,73,87,68,90,75,87,73,91,82,90,78,91,87,90,86,92,90,91,86,91,86,90,81,90,82,90,71,87,72,87,71,90,75,87,73,90,84,90,78,91,86,90,81,90,84,90,74,90,82,90,74,91,82,87,68,90,72,78,66,87,68,82,67,87,72,82,66,84,70,75,66,84,67,75,66,89,72,76,66,84,66,74,64,82,66,72,64,74,66,72,64,74,64,70,63,75,64,68,63,76,64,66,63,74,64,67,62,73,64,66,62,73,64,67
63,81,66,66,61,73,65,73,62,79,63,68,61,75,66,69,63,84,63,73,63,80,65,71,63,80,65,71,63,80,65,71,63,76,65,73,63,79,65,73,64,83,65,68,63,82,65,79,65,82,66,76,65,84,67,81,65,87,71,82,65,87,71,86,65,49,41,61,74,56,36,50,63,51,50,63,81,61,57,71,91,68,63,76,90,65,61,76,90,63,57,71,89,63,59,69,89,62,60,71,89,62,52,66,89,62,57,66,89,102,91,91,86,92,92,102,91,95,89,90,87,91,85,89,67,86,69,80,65,89,71,82,71,89,83,89,76,90,81,89,73,89,74,89,74,89,78,89,75,89,81,89,80,90,86,89,86,91,89,90,83,91,86,89,71,89,74,86,71,86,70,82,67,89,71,83,71,89,79,89,75,89,84,89,71,89,83,89,74,89,76,89,74,89,76,87,71,89,76,86,70,89,73,81,71,89,72,83,71,88,71,86,65,89,72,85,70,88,71,84,67,87,73,85,66,89,74,85,67,89,74,82,66,88,71,80,65,86,69,82,65,86,67,73,63,86,65,72,63,84,66,80,63,81,66,78
55,61,55,60,55,61,59,60,55,62,55,59,55,63,59,60,55,63,59,61,55,64,59,61,59,63,59,62,57,65,59,61,59,67,60,62,59,66,60,63,59,63,61,63,60,69,61,63,59,69,61,63,59,70,61,65,61,71,61,64,59,69,61,65,59,38,34,57,63,35,33,34,55,35,35,55,64,52,46,61,84,59,54,63,84,59,49,59,71,55,45,59,69,50,37,59,69,55,44,60,71,56,44,61,76,52,42,59,64,89,87,84,63,87,87,89,87,88,69,80,64,78,63,68,59,65,60,63,61,69,61,69,61,73,63,70,63,80,63,69,61,77,63,69,61,75,61,69,61,82,64,73,61,84,69,78,67,87,69,78,63,81,61,69,61,80,63,69,61,72,61,63,61,79,63,69,61,76,63,71,61,78,63,71,61,78,64,70,63,73,63,69,62,75,63,71,61,80,63,70,61,71,61,68,61,73,61,68,60,74,62,69,61,71,61,69,61,81,63,65,61,72,61,70,61,71,63,69,61,76,63,69,61,71,63,69,61,78,62,71,61,78,63,70,61,77,63,72,62,78,63,72,63,78,63,69
66,89,79,81,65,86,72,80,65,86,65,80,65,86,67,76,63,83,67,72,65,84,65,75,63,80,65,73,63,73,65,71,63,80,65,71,63,80,65,70,63,71,63,68,63,71,63,65,61,71,61,65,61,67,62,63,60,67,61,63,59,66,62,63,58,36,36,46,62,36,29,36,49,36,36,44,61,40,36,58,69,58,45,61,74,57,40,61,69,50,37,52,63,51,37,57,63,46,37,57,65,42,36,54,63,47,37,52,63,89,75,71,63,86,85,90,73,89,65,67,63,74,63,64,57,63,60,64,58,67,62,64,61,72,63,66,62,73,63,67,63,70,63,65,61,71,62,67,63,76,65,73,63,84,66,74,63,82,67,73,63,82,65,73,63,75,63,71,62,73,63,67,63,79,65,67,63,80,65,74,64,79,65,76,63,77,67,75,63,76,64,74,65,83,65,72,62,80,64,72,62,79,64,76,62,79,64,72,64,79,64,72,62,81,68,72,64,83,69,73,64,83,65,79,62,82,68,74,63,84,64,77,64,82,69,79,64,84,69,77,64,83,69,79,64,80,65,74,64,85,65,73,62,82,65,75
59,71,62,63,57,65,61,63,57,63,60,63,57,65,61,63,57,64,61,63,61,65,61,63,60,65,61,63,57,65,61,63,59,65,61,63,57,67,61,63,57,67,61,63,60,65,61,63,57,65,61,63,60,65,61,63,57,65,61,63,61,65,62,64,61,36,36,53,63,37,30,36,54,36,36,57,63,48,41,61,80,57,46,63,71,51,41,60,71,50,37,57,64,44,37,57,65,50,43,60,66,46,37,60,67,50,37,57,63,90,82,72,62,86,86,90,81,89,66,70,63,73,63,65,60,65,61,63,61,66,61,66,61,74,63,71,62,78,63,67,63,72,63,69,63,71,63,71,63,77,66,73,65,88,71,81,66,87,71,82,66,86,66,75,63,84,65,73,63,81,63,73,65,83,66,74,65,84,71,83,66,89,71,81,65,86,71,82,65,83,71,83,70,89,71,81,65,88,71,83,65,85,67,73,65,86,67,76,65,89,71,75,65,86,71,81,69,83,71,86,66,85,71,80,67,86,66,79,65,86,70,81,65,86,71,79,65,86,66,76,65,89,68,75,65,86,69,77,64,85,70,73,65,83,68,81
60,71,62,63,56,64,61,64,59,65,60,62,60,69,61,64,60,67,62,65,60,70,61,64,60,69,62,62,60,67,61,64,60,70,62,64,60,70,62,64,60,66,62,64,59,66,62,64,60,66,61,64,60,70,62,64,60,70,62,64,61,71,62,66,61,36,35,56,64,36,33,36,56,36,35,56,64,49,42,62,85,62,59,65,88,62,56,62,85,56,40,60,77,56,42,60,73,59,49,64,80,59,52,64,88,56,46,60,70,91,88,88,70,89,89,91,89,91,84,88,70,88,70,75,62,75,63,71,63,79,66,72,63,86,69,85,66,86,71,77,65,89,67,79,65,86,67,83,65,86,71,86,67,89,78,86,69,89,75,86,71,88,71,83,65,86,66,75,63,80,63,71,63,81,65,74,63,83,71,81,65,89,71,80,63,87,71,80,65,85,67,80,65,84,66,74,65,81,65,80,63,81,65,71,65,75,65,70,63,78,65,72,63,79,65,74,63,80,66,72,63,80,65,71,63,81,65,70,63,77,65,70,63,71,65,69,63,73,63,67,62,72,63,68,61,70,62,65,61,67,62,64,61,66,62,65
63,83,65,66,61,74,65,70,62,72,63,68,63,78,65,69,63,83,68,73,65,85,65,72,63,81,65,76,65,84,67,81,65,86,71,76,65,89,72,81,66,86,71,83,66,86,71,79,66,86,71,80,66,89,71,85,71,89,79,83,70,89,75,83,71,52,41,64,86,51,36,50,63,50,46,63,83,61,60,72,91,69,63,83,91,65,61,74,89,62,56,63,87,63,56,65,89,63,58,71,89,61,57,66,90,62,57,65,86,101,91,90,83,92,91,96,90,92,89,90,82,90,81,84,63,83,66,73,65,85,71,83,65,88,74,83,69,89,80,88,71,89,77,83,66,87,72,85,70,89,74,86,71,89,83,88,77,90,82,89,71,89,75,86,70,88,66,83,65,86,65,80,65,86,68,81,66,88,72,83,71,89,74,86,66,89,74,89,71,89,69,86,66,89,73,83,66,89,71,80,65,89,70,86,68,89,70,81,66,89,73,83,67,89,75,86,72,89,81,86,71,89,74,86,71,89,73,87,72,89,74,83,66,89,71,83,66,88,73,81,70,86,71,82,65,86,70,80,65,86,69,73,65,86,69,77
62,85,70,74,62,81,70,74,62,78,64,72,62,85,65,71,64,82,68,82,64,85,65,78,64,85,65,76,64,81,65,78,64,82,64,72,62,81,65,73,64,82,64,71,62,81,69,72,63,82,64,71,63,81,64,72,63,85,65,78,62,82,64,74,64,43,36,60,68,40,35,36,61,42,36,57,70,49,41,62,88,62,59,65,88,60,50,65,87,60,49,62,73,56,47,62,82,55,41,62,81,56,49,62,78,56,49,62,78,91,89,88,68,89,89,91,88,90,77,88,70,85,68,74,62,71,62,65,62,79,64,71,64,80,69,81,64,82,64,71,63,76,64,69,62,79,64,73,62,79,65,79,64,85,70,78,64,86,66,71,62,80,65,71,62,71,62,65,60,65,61,64,60,71,63,65,61,71,63,66,60,70,63,65,61,66,63,67,61,65,61,65,61,68,63,63,60,70,61,63,60,66,61,63,60,65,62,64,61,68,61,65,61,66,63,65,61,66,63,65,60,66,61,65,60,67,61,65,61,66,63,65,60,71,63,65,57,69,63,65,60,70,63,63,61,71,63,66,61,68,63,63,61,70,62,65
78,89,83,87,69,87,81,87,75,87,71,84,69,89,81,87,79,88,82,87,73,89,81,87,79,89,84,87,77,89,81,87,73,88,81,87,75,88,75,87,71,87,79,86,71,88,79,87,72,87,80,87,71,88,74,86,72,87,79,87,70,87,78,84,70,52,41,61,80,49,34,39,60,41,35,56,70,55,44,61,87,63,55,67,84,61,55,65,84,59,47,61,72,53,39,58,69,55,44,59,69,49,39,59,73,48,35,55,63,88,80,73,61,84,84,88,82,87,63,69,60,73,61,61,58,61,58,61,55,63,59,61,59,69,61,63,59,71,62,65,60,70,62,64,60,75,62,69,60,73,64,71,62,82,64,73,64,85,65,78,64,80,64,71,62,79,64,67,62,75,62,70,62,79,62,66,62,82,66,76,64,85,64,79,62,81,64,75,62,81,64,79,64,82,65,74,62,80,66,79,62,82,64,71,63,79,65,78,62,78,64,74,62,84,64,72,64,85,69,77,64,85,67,73,62,85,64,73,64,80,66,79,64,82,66,77,64,85,66,76,62,84,65,77,64,84,68,77,62,83,67,80,64,85,65,73
62,82,65,72,62,74,64,71,62,75,63,71,62,80,64,75,62,81,64,74,64,82,64,76,64,84,65,70,64,85,65,74,64,85,65,74,64,82,65,73,63,80,64,73,63,81,66,72,64,85,65,72,63,83,65,74,64,83,66,70,64,81,64,75,64,43,36,62,71,45,35,41,60,40,37,58,73,56,43,64,89,65,60,71,88,64,60,72,88,62,56,62,82,60,51,62,79,56,52,62,83,60,52,62,88,60,50,64,84,94,90,89,80,90,90,95,90,91,88,88,81,90,80,85,64,82,68,79,65,87,70,80,70,89,82,88,78,89,82,87,74,88,82,85,70,88,80,88,73,89,81,88,83,90,87,89,85,90,88,89,82,89,87,88,78,89,82,85,70,88,70,83,70,88,72,85,71,89,83,88,80,89,87,88,77,90,85,89,75,89,82,88,74,88,81,87,70,89,79,86,70,88,73,85,70,88,73,86,68,88,75,85,70,88,71,82,64,88,70,74,67,84,70,82,65,80,64,74,64,82,69,75,64,85,64,72,62,80,65,70,62,79,64,70,62,73,64,70,62,73,62,67,61,72,62,65
74,90,82,84,66,89,83,87,71,89,74,86,71,89,79,89,71,89,80,89,74,89,78,86,72,90,83,88,72,89,80,86,69,90,79,86,71,89,80,86,70,89,74,87,71,89,73,86,67,89,73,86,68,89,74,89,71,89,80,86,72,89,79,89,75,57,43,65,84,51,36,45,63,51,44,63,80,57,50,65,90,65,61,71,89,63,57,66,89,61,46,63,83,61,50,63,80,61,57,66,88,57,46,63,89,60,46,60,70,92,89,89,66,90,90,92,89,90,79,81,66,85,69,71,61,68,61,65,61,70,65,71,63,76,65,69,63,76,65,71,63,75,63,71,63,73,63,71,63,79,66,80,65,84,70,82,65,86,72,80,66,84,71,72,65,80,65,71,63,71,63,71,63,73,65,71,63,82,66,73,65,86,67,74,63,81,67,81,65,83,65,75,65,86,71,74,65,83,66,73,65,83,67,74,63,81,63,71,65,84,64,71,62,80,65,75,62,78,65,72,62,79,64,71,62,79,65,71,64,80,64,72,64,79,64,72,63,79,64,71,64,79,65,70,62,81,65,67,64,80,66,72,62,82,64,70
59,63,60,62,55,63,59,61,55,63,59,61,57,64,60,62,58,65,60,62,60,67,61,61,60,66,60,64,59,64,60,63,59,66,61,63,59,69,60,63,59,73,64,66,63,75,64,69,62,72,64,67,63,72,66,72,64,78,66,73,64,79,64,73,64,45,37,61,68,47,37,42,62,44,39,61,72,58,49,66,90,64,61,67,90,64,58,67,90,62,51,64,79,62,52,64,84,61,51,64,87,62,51,64,90,61,52,64,77,96,91,90,74,92,92,94,92,92,90,90,76,90,75,78,64,75,65,72,64,76,66,74,66,88,72,87,68,90,72,79,66,88,72,77,66,86,67,84,66,87,72,85,71,90,79,90,69,90,81,88,72,90,75,83,68,89,72,75,66,81,64,71,64,84,66,76,64,85,66,80,66,87,67,75,64,84,71,77,66,84,66,81,66,86,67,73,64,84,67,75,64,77,66,74,64,79,66,72,64,76,66,71,64,76,66,72,64,79,66,72,64,78,66,72,64,74,64,72,64,74,64,67,62,72,64,67,62,72,64,65,61,67,64,66,62,72,63,66,61,71,64,65,62,74,64,69
59,70,61,62,59,65,61,63,60,65,60,62,60,70,61,62,59,71,61,64,59,70,61,64,59,67,62,64,59,67,62,62,60,67,61,64,60,72,62,65,60,72,62,64,62,72,62,66,62,71,62,70,62,76,63,67,61,79,64,70,62,74,64,70,62,39,35,58,65,40,35,36,59,40,35,56,71,56,49,64,88,63,60,71,88,62,56,65,88,60,49,62,79,54,42,61,74,56,45,61,83,56,49,62,84,56,49,61,80,93,89,88,70,90,89,91,88,90,80,88,70,88,67,74,62,71,62,70,62,76,65,74,64,86,70,84,64,86,70,80,62,85,67,75,64,85,66,84,64,86,70,85,67,88,80,88,74,88,80,88,70,88,73,87,69,85,70,80,64,82,64,72,65,83,65,73,62,85,70,84,69,87,72,84,64,85,72,80,65,87,70,84,70,88,71,80,65,86,71,78,64,85,66,79,64,82,65,75,62,85,66,76,65,84,70,82,65,86,68,74,64,84,70,80,64,85,68,80,64,85,70,80,64,87,65,84,65,85,70,80,64,85,70,81,64,88,71,80,66,88,70,85,65,88,73,85
63,85,65,72,63,78,65,73,63,76,63,72,63,85,69,74,63,86,66,85,66,83,71,83,65,86,71,85,66,87,67,79,66,89,71,82,65,89,73,86,68,86,74,82,66,89,74,83,71,89,74,86,71,89,76,88,71,89,80,89,71,89,79,86,73,53,45,63,85,57,37,50,65,50,45,63,86,61,56,69,91,71,63,85,91,69,63,74,91,65,58,66,89,61,57,66,89,63,58,68,89,61,57,67,89,63,57,66,89,96,91,91,85,92,91,96,91,92,89,90,86,91,86,86,66,83,69,84,65,86,72,85,70,89,75,87,73,90,80,86,70,89,79,86,70,89,83,89,71,89,80,89,82,90,86,89,79,90,86,89,76,90,77,86,69,87,70,84,65,81,65,81,65,86,71,78,66,89,76,84,67,89,75,85,66,89,74,86,66,86,71,82,70,89,71,81,65,86,70,74,65,80,65,76,63,81,64,70,62,78,65,72,62,80,64,72,62,83,65,72,62,79,64,73,62,81,64,74,62,81,62,70,62,76,64,70,62,76,62,68,62,73,62,70,62,73,64,69,62,74,64,70,62,72,64,67
74,90,75,76,64,88,72,88,67,89,72,84,68,89,73,88,72,90,75,88,74,90,76,90,74,91,81,87,75,90,81,88,74,90,82,88,77,90,84,90,73,91,82,90,81,91,84,90,74,91,84,90,76,91,85,90,80,91,89,90,82,91,87,90,82,61,51,72,89,58,38,58,66,58,52,66,89,64,61,87,93,83,69,90,93,72,64,87,92,67,58,70,90,64,58,67,90,64,58,72,90,63,58,68,90,62,53,64,81,93,91,91,74,92,92,94,91,92,87,89,76,90,72,74,64,74,64,69,64,74,64,72,64,82,66,80,66,81,66,70,64,77,66,67,64,74,66,72,64,75,66,72,64,84,66,72,64,77,66,72,64,74,64,66,62,68,63,65,62,67,62,65,62,68,64,66,63,71,64,68,64,74,64,67,62,72,64,68,63,71,64,67,64,72,64,67,63,72,64,66,64,70,64,72,63,72,64,68,63,73,64,72,63,72,64,67,64,74,66,72,64,80,67,75,64,74,66,72,65,84,66,72,65,83,66,74,66,77,66,74,64,81,69,74,66,86,67,76,66,87,68,80,66,87,70,79
68,88,81,85,64,85,74,82,66,88,65,80,69,88,75,85,70,88,71,84,71,88,79,88,71,88,82,88,71,88,80,87,72,88,81,88,71,89,80,88,70,89,82,88,73,90,83,89,75,90,83,89,73,91,83,89,84,89,86,89,80,90,86,90,86,57,51,68,89,57,37,54,68,57,57,65,89,61,59,82,92,81,65,86,91,67,63,86,91,66,60,66,89,61,57,71,90,66,60,71,90,63,61,79,90,61,57,63,89,101,91,89,81,91,91,95,91,92,86,89,73,89,77,82,63,75,65,73,65,80,66,75,63,81,71,83,65,87,68,73,65,83,65,72,63,76,65,71,63,74,65,73,63,85,65,78,65,81,66,73,65,75,63,66,61,73,63,67,61,68,62,63,61,70,63,65,61,71,63,67,62,75,63,68,61,74,65,70,62,71,63,69,62,79,65,66,62,71,63,67,63,71,63,65,61,71,63,65,61,74,63,65,62,74,63,66,62,73,63,71,62,76,63,71,63,75,63,71,63,80,65,72,63,78,65,73,63,84,65,73,63,83,65,73,65,80,65,81,65,86,66,75,65,83,66,80
80,89,85,88,70,88,82,88,78,88,77,88,71,89,80,88,74,89,82,88,76,89,82,88,77,89,81,88,73,88,81,88,72,89,80,86,72,89,81,88,79,89,81,88,78,89,82,88,72,89,79,88,73,88,84,88,75,88,80,88,73,88,82,88,73,51,40,62,85,56,36,49,62,49,49,62,88,61,56,72,90,70,62,73,89,63,58,70,88,64,56,63,79,60,55,62,85,60,50,62,80,56,45,60,78,54,40,57,70,91,85,85,65,89,89,90,88,89,72,78,65,81,64,66,59,65,60,62,60,65,61,64,60,73,62,68,61,74,62,64,60,69,62,64,60,66,62,65,61,70,62,67,60,77,62,74,60,72,62,68,60,70,60,62,60,71,60,67,60,65,60,63,60,71,62,65,60,71,63,70,62,77,62,68,60,77,63,70,60,72,62,68,62,82,62,70,61,80,64,70,60,80,62,68,61,78,63,64,60,78,63,72,60,80,63,70,60,79,64,71,60,81,63,69,62,82,62,69,60,79,62,78,62,80,63,69,62,80,63,70,62,84,62,76,62,81,66,69,60,82,63,72,62,77,65,77
62,85,65,71,62,74,64,73,62,72,62,70,62,78,64,70,62,79,64,71,62,80,64,70,63,79,65,71,62,75,64,71,62,79,64,70,64,74,64,71,64,79,65,71,62,80,64,68,62,76,64,71,64,75,64,71,62,80,64,71,62,75,64,71,62,39,36,60,70,42,35,38,60,45,36,57,70,49,43,62,88,64,59,70,88,62,59,65,85,60,49,60,80,56,42,60,71,56,45,60,74,56,42,61,80,56,45,60,71,90,88,85,64,88,86,89,85,88,66,74,62,78,62,64,59,64,60,62,59,66,61,64,60,70,62,67,60,65,62,64,59,66,60,62,58,63,58,62,56,66,61,64,60,68,62,65,60,71,62,63,60,66,61,62,58,64,59,62,56,62,56,62,59,64,60,62,60,67,62,64,59,68,62,64,56,64,61,64,60,64,60,62,60,64,60,64,59,65,60,62,59,64,60,62,60,64,60,62,56,65,60,62,59,65,62,62,59,64,60,62,59,65,60,64,59,65,61,62,60,68,62,63,60,65,62,64,60,66,61,65,61,66,61,65,61,66,62,66,61,65,63,65,61,71,63,65
60,71,62,62,58,66,62,66,60,70,62,64,60,70,62,65,62,71,64,71,62,79,62,69,62,71,64,70,62,79,64,70,62,80,64,70,62,80,64,72,63,85,65,75,64,81,68,77,64,84,65,76,64,85,70,80,64,85,70,75,64,88,69,81,65,46,36,61,78,46,35,40,62,50,45,62,73,60,56,65,89,69,60,70,88,62,56,65,88,58,46,62,77,59,45,62,74,58,54,64,88,60,56,65,88,60,56,62,73,91,89,88,71,89,88,91,88,90,84,84,66,88,70,70,62,71,62,70,62,79,64,70,62,84,65,74,64,80,67,79,62,81,64,70,62,80,64,73,62,80,65,74,64,85,68,74,64,85,65,80,63,82,64,70,62,79,64,66,62,70,62,65,62,72,62,67,62,76,64,70,62,79,64,67,60,72,62,66,60,67,62,66,61,71,62,62,60,69,60,63,60,64,61,62,56,65,61,62,59,67,61,62,60,64,60,64,60,64,62,64,60,66,60,62,56,64,60,62,56,64,60,62,56,64,60,62,56,64,60,62,59,64,59,62,56,65,60,62,60,65,60,62,60,64,60,63
63,84,68,70,61,77,67,80,61,78,63,69,63,81,64,80,63,83,69,75,63,81,64,81,63,84,68,77,63,86,71,81,65,86,71,74,65,86,71,83,65,83,71,82,66,83,71,83,71,86,72,83,71,88,71,86,72,89,74,83,66,89,80,86,71,53,41,63,83,57,36,50,63,50,49,63,85,61,57,71,91,71,63,83,91,67,62,75,90,64,57,67,89,63,57,66,89,62,57,72,90,63,57,72,89,63,57,65,89,100,91,91,83,92,92,101,91,93,89,90,85,91,86,86,66,86,71,86,68,87,71,82,71,89,83,89,74,89,83,89,80,90,78,89,72,90,82,89,80,90,83,89,81,91,89,90,86,91,89,89,83,91,86,89,72,89,83,86,71,89,72,85,67,88,72,86,72,89,83,89,74,89,83,89,70,89,82,89,73,89,73,89,74,89,75,86,67,89,74,81,65,86,68,77,63,84,65,73,63,81,65,72,63,80,65,71,63,80,65,73,65,80,65,78,63,75,63,71,63,75,63,69,63,71,63,65,63,72,62,65,61,71,63,65,59,66,63,65,61,71,63,65,61,71,63,66
66,89,71,74,63,86,67,75,63,80,65,72,65,80,66,71,63,80,65,71,63,80,64,69,63,72,63,66,63,71,63,66,62,71,63,66,62,72,63,69,61,67,62,66,61,67,61,64,60,66,62,65,60,65,61,65,60,65,61,64,61,65,61,63,61,36,36,50,63,36,26,36,50,36,36,44,63,43,36,58,72,60,50,62,76,57,43,61,71,50,37,57,66,41,36,57,67,52,39,57,66,57,44,63,72,48,39,57,66,91,85,75,63,89,86,91,86,89,70,72,63,83,65,67,61,66,63,66,62,72,63,68,63,80,63,76,63,75,65,73,63,77,65,71,63,80,65,73,63,83,66,74,65,86,71,83,66,88,71,82,65,85,66,75,63,83,65,71,63,75,63,71,63,80,66,73,63,84,65,75,65,85,66,77,65,84,71,81,65,83,66,76,66,86,66,75,65,84,66,75,65,83,66,73,65,86,66,74,65,80,66,75,64,83,65,80,65,83,66,76,65,83,67,77,65,86,66,78,65,86,67,75,65,83,66,75,65,86,67,75,65,86,66,80,65,83,69,83,65,87,71,80,65,87,71,80
59,69,61,61,55,64,61,61,59,63,60,61,59,65,60,63,59,65,61,63,60,70,61,63,59,69,61,63,59,70,61,63,60,69,61,64,61,72,61,65,60,71,61,69,61,73,61,66,61,71,61,65,61,81,63,70,61,73,63,71,61,84,63,71,63,42,35,59,71,44,34,40,59,44,40,59,71,55,44,65,88,63,58,69,87,63,55,64,87,59,48,61,84,58,49,61,81,58,48,61,84,60,55,63,87,58,48,61,84,93,88,88,70,89,89,90,88,90,84,87,70,87,69,72,61,72,61,70,61,78,63,70,63,85,68,80,63,84,69,81,63,81,64,77,63,84,64,74,64,84,69,80,63,87,78,87,69,87,70,83,67,87,69,77,63,79,63,73,61,74,61,70,61,77,63,69,61,81,63,77,61,77,63,72,61,79,63,72,61,76,63,70,61,78,63,69,61,78,63,70,61,79,63,69,61,74,61,64,61,77,61,64,61,77,63,65,61,77,63,69,59,72,61,64,61,69,61,64,60,69,61,63,59,70,61,63,59,64,60,64,58,65,61,64,61,68,61,64,59,70,61,63,60,69,61,61
65,89,69,73,63,83,67,80,65,79,65,72,65,85,67,76,65,81,68,80,66,88,71,80,66,86,71,77,65,86,71,75,63,88,70,75,65,80,70,81,63,80,70,75,65,86,67,75,65,83,69,75,65,84,70,76,65,87,71,79,65,87,68,80,65,41,37,61,75,49,36,40,62,50,43,61,73,60,52,66,89,65,63,73,89,63,60,66,89,61,50,63,80,61,51,63,81,61,56,64,85,57,51,65,87,60,56,63,80,92,90,90,76,91,91,96,91,92,89,89,85,90,81,84,66,82,68,80,65,87,72,84,68,89,83,89,78,90,81,89,77,89,79,89,72,90,80,89,75,90,89,90,86,91,89,90,88,91,89,91,86,91,89,89,81,90,84,89,74,89,72,86,74,89,81,88,73,90,83,89,85,90,89,90,78,91,89,90,85,90,84,89,85,91,86,89,82,90,84,89,79,90,86,89,78,90,84,89,75,90,82,89,80,90,83,89,75,91,86,89,82,91,86,89,83,89,86,89,80,90,83,89,74,90,81,89,74,89,80,86,72,89,76,88,71,89,83,86,71,89,73,83,68,87,71,80
62,72,62,64,61,66,62,66,61,66,62,64,62,70,64,64,62,68,64,66,62,72,64,66,62,71,64,66,62,72,64,66,62,64,61,64,60,69,62,64,60,70,62,64,60,69,62,64,60,71,62,63,60,67,62,64,60,70,62,64,60,68,62,66,60,36,35,56,62,36,32,35,56,37,35,56,62,40,36,62,81,61,52,62,76,56,43,60,75,50,36,56,64,48,36,56,65,55,43,60,70,56,49,62,76,50,42,60,65,90,84,79,62,85,85,90,88,88,70,79,62,84,64,70,60,66,62,66,60,72,62,71,62,81,65,79,62,81,66,76,62,85,66,77,62,77,65,80,64,85,70,83,70,88,74,85,70,88,75,85,70,88,70,82,64,85,66,73,64,82,64,77,64,85,69,77,64,87,71,84,66,88,73,79,64,88,70,81,66,85,71,82,66,86,70,82,64,85,69,80,64,85,65,81,64,83,66,79,62,81,65,78,64,86,64,79,64,82,67,76,64,87,64,73,64,79,66,73,62,82,65,74,62,79,64,73,62,80,65,79,62,80,62,71,62,81,64,71,62,77,64,73,62,79,62,71
65,86,69,74,63,81,66,75,63,76,65,72,65,82,67,70,63,83,65,71,63,75,65,66,63,77,63,69,63,76,63,65,62,73,63,66,61,71,63,66,62,71,62,65,60,67,62,65,60,65,62,62,59,64,62,64,60,65,60,63,60,64,60,63,60,35,35,49,62,36,32,35,53,35,35,49,62,43,36,57,73,60,50,62,72,56,40,60,70,46,36,56,64,50,36,56,64,50,42,60,74,56,43,60,72,49,37,56,64,90,80,73,61,87,87,90,83,88,70,71,62,82,64,65,59,66,61,64,60,70,62,65,61,80,64,70,62,77,64,69,62,79,62,70,61,74,64,72,62,74,65,79,64,85,70,78,64,85,70,78,64,81,65,70,64,78,65,70,62,74,62,71,62,75,62,74,62,79,65,71,62,82,69,72,64,82,67,77,62,80,65,80,64,83,65,72,62,82,65,72,62,80,65,70,64,82,65,74,62,82,65,70,64,85,65,72,62,81,65,78,62,77,65,71,64,82,64,78,64,80,66,72,64,84,65,72,64,82,67,75,64,85,65,73,64,85,69,82,64,85,69,81,64,84,66,79
62,82,64,70,60,74,64,66,62,70,61,66,60,70,62,67,61,72,62,66,60,71,62,66,62,69,62,69,60,69,62,66,60,72,61,64,60,64,61,63,60,71,62,64,60,72,62,66,61,72,62,63,60,71,62,68,60,71,62,66,61,67,62,64,62,38,35,56,64,38,34,35,56,36,35,51,64,54,41,62,83,60,51,64,88,59,46,61,76,56,44,60,67,56,42,60,69,50,39,60,65,49,39,57,67,51,38,56,65,90,80,80,62,88,88,90,85,89,66,70,62,79,62,62,58,62,60,62,59,64,61,63,60,71,62,67,61,70,62,66,60,70,62,64,60,70,62,66,61,73,62,71,62,79,64,71,62,79,64,71,62,82,62,67,62,73,62,71,61,66,62,67,62,76,62,70,62,82,64,72,63,82,67,75,62,82,71,74,64,82,66,75,66,88,70,82,64,85,70,81,64,85,66,79,64,80,69,82,64,85,64,74,64,85,70,82,66,88,70,82,67,88,70,80,69,88,71,85,66,88,75,85,70,88,74,82,67,85,73,85,70,88,71,80,64,88,72,78,65,85,71,81,66,88,70,84
65,88,70,73,62,84,70,82,64,81,64,76,64,87,66,71,62,81,65,77,65,84,65,77,64,84,64,71,62,84,65,70,62,78,64,70,62,75,64,70,62,72,62,69,62,72,62,65,62,74,64,66,62,72,64,67,62,74,62,67,61,72,62,64,62,37,35,56,64,37,35,35,56,36,35,50,62,46,36,60,78,60,52,62,79,56,42,61,77,56,36,56,64,49,36,56,66,56,43,59,70,51,42,60,74,45,36,56,65,90,83,80,62,88,88,90,86,88,67,72,64,81,64,64,60,64,61,64,60,70,62,64,61,74,62,70,62,72,64,67,62,78,62,66,61,74,64,70,62,77,64,72,62,81,68,76,64,85,67,73,64,82,64,68,61,75,62,66,61,71,62,65,61,71,62,66,62,79,62,70,62,78,64,67,61,78,64,70,62,72,63,70,62,81,65,70,63,75,63,71,63,75,63,66,63,73,63,71,62,72,63,67,62,78,64,68,62,78,63,67,63,75,65,73,63,80,63,71,63,79,65,68,63,80,65,72,63,81,65,71,63,78,65,71,63,83,65,71,65,80,66,80,63,82,66,75
63,73,63,65,61,70,65,66,62,73,63,67,62,72,63,70,63,76,65,71,63,83,65,71,63,79,65,72,63,80,65,75,65,83,65,73,63,80,67,74,65,84,68,72,65,83,66,81,65,83,66,80,65,86,70,80,65,86,71,86,68,89,71,85,67,44,37,62,80,57,36,41,63,47,43,63,83,57,51,69,91,73,63,76,90,65,61,80,91,63,56,65,89,61,57,63,86,61,57,66,89,62,57,66,89,61,57,65,86,96,91,91,86,92,91,96,91,92,89,90,83,90,80,85,65,86,71,74,65,86,71,82,71,89,83,89,75,90,81,89,72,89,81,86,74,89,77,86,71,89,81,89,76,90,85,89,82,90,86,89,76,89,75,89,71,89,71,86,65,86,66,81,66,89,69,84,68,89,74,89,72,89,81,89,71,89,77,89,71,89,74,85,71,89,75,82,69,89,71,83,68,88,67,82,71,89,71,82,65,86,71,86,66,88,72,82,66,89,71,80,66,89,72,80,65,86,66,79,65,85,66,73,63,82,65,75,65,83,65,75,65,81,65,74,63,81,65,73,64,79,65,75,65,80,66,75
60,79,62,63,58,69,60,68,59,66,60,64,59,72,60,63,59,70,60,70,60,72,62,67,59,76,61,65,60,76,63,68,60,72,62,68,60,77,62,67,60,76,62,69,60,71,60,71,60,77,62,67,60,78,62,68,60,72,62,68,60,77,62,68,60,40,36,60,66,40,35,37,60,39,36,59,65,55,43,62,84,62,56,63,88,61,56,62,82,56,44,61,71,56,40,60,69,54,40,61,74,55,49,60,79,49,38,58,70,90,87,82,64,88,88,90,88,89,71,74,64,85,64,68,60,66,60,63,60,69,62,66,61,75,64,79,64,82,64,70,62,78,62,70,62,74,64,74,62,84,67,81,65,88,70,82,68,88,73,85,66,84,71,81,64,85,65,71,62,82,64,73,65,85,65,81,64,85,71,84,70,88,78,84,68,88,73,86,71,87,73,86,70,88,71,82,70,88,73,86,71,88,70,85,68,88,72,85,70,88,71,84,69,88,76,85,71,88,74,85,70,88,77,88,71,88,74,85,66,88,79,85,70,88,74,84,65,88,78,85,70,88,74,80,70,88,70,85,65,88,71,85,65,88,71,82
65,86,71,76,63,83,67,77,63,75,64,71,63,81,65,71,63,81,65,73,63,80,65,69,63,77,65,71,63,71,63,66,63,73,63,66,63,73,63,69,63,72,63,70,62,70,63,65,61,71,62,63,61,67,62,65,61,65,61,63,60,69,61,63,61,36,36,49,63,36,28,36,47,36,36,46,63,39,37,57,71,58,45,61,69,57,41,60,69,52,37,57,64,48,37,57,63,45,37,57,65,43,36,51,65,45,37,56,62,89,74,71,61,80,80,90,73,88,65,66,62,71,62,63,57,62,60,62,57,63,60,63,57,65,62,63,61,65,62,64,60,65,61,63,59,67,61,64,61,69,62,66,62,75,65,71,63,82,65,71,62,78,63,68,61,69,63,65,61,71,62,65,61,72,63,66,63,80,65,68,63,79,65,71,63,81,65,75,63,81,65,75,63,83,65,75,63,83,65,75,63,83,66,75,64,82,67,75,65,85,69,80,65,86,66,76,65,87,70,81,65,86,73,85,66,87,71,79,65,89,70,80,65,87,67,80,66,86,72,86,66,89,73,80,66,89,70,84,65,86,71,85,66,89,72,83
83,91,88,90,75,90,89,90,74,90,79,90,73,90,86,90,73,90,82,87,71,90,75,85,66,90,72,84,70,88,73,83,66,87,71,79,66,86,67,83,66,87,70,76,66,86,66,76,64,76,66,75,64,79,65,72,64,76,64,67,64,73,64,72,62,38,37,58,66,38,35,37,58,38,37,58,64,48,40,62,85,59,51,62,75,59,49,64,70,51,41,61,69,57,38,58,72,55,39,61,70,57,41,62,74,52,38,61,67,92,84,82,64,90,90,92,89,90,72,75,64,82,67,68,62,72,64,66,63,73,66,72,64,82,66,76,66,82,67,74,64,84,67,73,64,82,70,80,66,85,72,85,66,90,75,87,68,90,75,84,69,90,73,83,66,84,67,78,66,82,66,76,64,87,67,76,66,89,72,85,66,89,73,84,66,87,72,86,67,90,72,85,70,90,73,84,67,90,72,84,67,90,71,85,69,88,68,84,68,87,73,84,66,90,76,84,71,90,76,86,73,90,77,87,75,90,75,87,72,90,74,84,68,90,77,86,68,90,76,87,69,90,76,87,72,90,75,89,72,90,75,88,72,88,77,87
65,88,70,81,63,86,70,82,64,82,64,78,62,80,65,74,62,82,66,74,62,83,64,71,62,76,64,71,62,79,62,70,62,77,62,68,62,71,64,67,62,76,62,65,60,73,62,65,61,67,62,65,61,66,62,66,61,71,62,65,62,76,62,65,62,40,35,57,62,38,35,36,57,38,35,53,62,49,41,61,85,62,56,63,81,58,49,62,75,56,41,59,66,46,37,60,69,50,42,60,70,56,44,60,72,54,42,60,70,90,85,85,62,88,88,90,86,89,71,75,64,82,64,65,60,65,62,65,60,74,62,67,62,80,65,74,63,81,67,74,64,80,64,70,62,80,64,78,64,85,70,83,69,88,77,88,70,88,79,85,73,88,71,84,66,85,69,80,65,82,64,82,64,85,72,80,70,88,77,86,74,88,82,88,70,88,85,88,70,89,80,86,70,89,77,88,72,87,78,87,70,87,77,86,69,88,81,84,74,87,81,87,78,87,82,87,72,88,81,87,73,88,84,87,70,87,71,85,71,87,81,87,69,87,72,84,70,88,78,87,72,87,81,87,76,88,84,87,72,88,81,87,73,87,81,87
60,70,62,62,59,64,60,63,60,64,61,62,60,65,62,64,60,71,62,65,62,73,62,65,61,77,62,66,62,72,63,65,61,72,62,70,62,80,64,71,62,74,65,71,62,80,64,71,62,74,64,72,62,82,64,71,62,82,65,71,64,82,65,78,64,44,36,61,70,49,35,42,60,36,36,60,80,56,49,62,88,64,61,76,88,62,56,68,88,62,51,62,83,60,45,62,78,60,51,62,85,60,51,64,88,60,50,62,82,95,89,89,74,90,90,92,90,91,87,87,72,89,74,77,63,80,64,72,62,82,65,72,65,88,76,85,69,88,76,84,68,88,72,79,67,85,70,82,67,86,73,88,75,89,85,88,73,89,82,88,71,88,73,85,70,85,70,82,65,80,64,81,66,87,67,78,64,88,73,84,70,88,72,83,64,88,71,85,69,88,70,84,70,88,74,84,67,85,70,82,68,86,71,82,66,86,65,81,65,86,70,81,64,86,70,80,65,87,70,82,70,88,70,85,70,88,72,85,70,88,75,85,70,88,73,85,69,88,73,85,70,88,74,84,68,88,73,85,70,88,77,85,72,88,81,88
64,88,66,72,62,83,66,72,62,79,64,70,63,85,66,74,64,80,70,80,64,85,68,80,64,85,66,80,64,84,65,80,64,85,70,79,64,85,70,78,64,85,70,82,65,88,70,82,65,88,66,82,64,88,66,80,64,85,70,80,65,88,73,82,68,56,42,62,83,50,35,45,62,49,42,60,79,60,56,68,90,70,62,79,89,62,59,69,89,62,51,62,82,60,56,65,81,60,56,69,88,60,56,63,85,59,50,62,77,92,88,88,70,89,88,91,88,89,76,84,64,84,65,65,59,68,61,63,59,70,61,65,61,79,63,69,61,78,63,69,61,70,61,65,60,69,61,65,60,70,62,65,61,74,63,69,61,72,61,67,60,69,60,63,59,66,60,61,55,64,58,61,59,63,59,61,58,64,60,61,58,64,60,61,58,63,59,63,58,63,60,63,59,70,61,62,59,70,60,61,58,64,60,62,59,64,59,61,55,63,59,62,59,65,59,63,59,65,60,63,59,69,61,62,60,69,61,63,59,69,61,65,59,69,61,64,60,72,61,63,61,71,61,69,60,72,62,69,61,73,61,69,61,70,63,70
82,92,88,90,72,91,84,90,76,90,81,90,78,91,87,90,81,92,90,91,83,92,90,90,81,91,86,90,81,91,84,90,72,90,83,87,72,90,78,89,73,90,73,84,67,90,72,82,71,87,72,81,66,89,71,81,66,87,72,80,66,81,66,76,66,43,38,61,73,46,37,40,62,41,38,58,66,50,38,63,81,62,51,64,82,59,50,62,76,58,39,59,67,58,44,58,68,56,42,61,72,52,43,61,71,51,38,58,64,90,82,73,64,90,87,92,86,90,72,75,66,81,66,68,62,67,62,67,63,72,64,70,64,76,66,76,64,81,66,72,64,83,64,69,64,80,66,74,66,82,68,84,67,89,72,87,71,90,75,86,71,88,67,82,66,84,71,75,66,82,66,78,64,84,66,76,66,83,71,84,68,87,72,81,66,87,72,87,67,87,68,81,69,87,72,81,66,90,72,81,66,84,72,81,67,86,67,81,65,87,67,81,66,87,69,84,68,90,68,84,67,86,74,86,65,86,71,81,65,89,71,83,67,85,71,86,65,86,71,81,65,88,71,86,70,89,71,83,67,86,71,86,68,86,72,81
71,90,75,82,66,89,82,86,70,86,72,82,72,89,76,89,72,89,75,89,76,89,83,89,75,89,81,89,71,89,78,86,72,89,81,86,70,89,76,86,68,89,72,85,70,89,75,86,66,89,75,86,66,89,72,83,68,89,71,83,70,89,73,83,70,50,42,63,80,57,36,44,63,46,39,61,78,57,50,64,89,65,61,74,90,71,63,76,89,61,50,65,86,61,50,62,76,57,50,63,80,57,50,63,89,57,50,63,82,96,90,90,74,91,91,95,91,92,86,89,74,89,80,80,63,80,66,78,63,86,66,80,69,89,73,87,71,89,74,86,68,89,74,82,66,89,71,84,71,88,73,88,67,89,75,87,70,88,74,85,67,88,70,79,64,85,64,74,62,77,64,70,64,83,65,71,62,85,71,81,64,85,70,71,62,83,65,70,62,74,64,70,62,74,64,71,62,76,64,65,60,74,62,68,62,73,62,66,61,69,62,67,60,70,61,64,62,71,62,64,60,69,62,71,61,70,62,64,60,75,62,65,61,74,62,68,61,72,62,70,60,74,63,65,61,73,62,65,62,72,62,64,61,73,64,67
71,90,81,83,65,89,75,85,65,86,72,81,67,89,75,86,71,89,81,89,78,90,81,89,71,89,74,86,72,89,78,89,68,89,78,86,67,89,74,85,71,89,75,86,69,89,75,85,74,89,83,89,72,89,76,88,72,89,72,89,71,86,73,86,74,55,37,63,83,51,36,43,63,50,43,61,80,57,49,67,91,68,59,73,89,63,57,72,89,61,50,62,83,57,46,63,86,61,51,65,80,60,53,65,86,61,51,63,75,92,90,89,69,90,90,91,89,91,81,86,71,89,67,73,63,75,63,71,63,79,63,72,63,83,68,80,63,82,66,75,63,80,66,76,65,82,66,76,65,83,71,75,65,89,72,83,66,84,69,78,63,81,64,70,61,78,62,70,61,73,61,68,61,76,63,68,61,80,64,71,61,81,65,73,61,79,63,70,61,74,61,69,61,80,63,69,61,73,61,66,61,73,61,66,60,69,61,63,59,70,61,65,60,72,61,66,60,70,61,66,61,70,63,65,59,70,61,66,61,73,63,69,61,76,61,68,61,71,63,65,60,70,61,68,61,70,61,66,61,75,61,69,61,72,63,69
60,70,62,64,60,64,62,64,59,64,61,64,61,70,61,62,60,65,62,65,60,70,62,65,61,71,61,64,60,71,62,66,60,69,62,64,61,70,62,66,60,73,62,69,61,71,62,70,61,71,62,70,62,74,63,70,62,77,62,70,62,75,65,74,64,42,35,57,71,47,35,37,60,37,36,59,72,56,46,64,88,64,59,71,88,62,56,65,88,60,50,62,79,60,49,62,82,59,50,62,85,56,49,62,88,56,49,62,78,91,89,88,71,90,89,91,89,90,82,88,70,88,70,74,62,71,62,70,62,75,64,66,62,82,70,81,62,83,67,75,64,85,66,74,63,82,66,80,64,83,70,81,70,88,74,84,69,88,72,81,64,85,70,75,64,80,64,70,62,78,62,67,62,77,64,70,62,80,65,79,64,85,64,70,61,83,64,79,63,80,64,72,62,81,64,73,64,79,65,71,62,73,64,70,62,71,62,68,60,70,62,64,62,70,61,64,62,66,62,64,60,67,62,64,60,65,62,64,60,70,61,66,60,66,62,64,60,70,61,64,60,66,62,64,60,65,60,63,59,65,60,62,59,66,60,62
62,81,64,68,61,77,64,71,62,74,64,70,62,77,62,71,62,78,66,73,64,81,65,75,64,82,66,79,64,74,64,71,64,80,68,74,64,84,64,79,62,80,65,74,62,82,66,73,62,82,65,73,64,80,64,74,62,82,64,74,64,84,64,78,64,41,36,60,69,46,35,39,60,41,36,56,65,56,42,62,88,62,58,65,87,61,51,62,85,60,50,61,70,56,45,62,79,57,49,62,74,56,46,61,72,56,40,56,65,90,85,84,64,88,88,90,86,89,71,77,64,83,64,66,60,66,61,65,60,71,62,66,62,81,65,75,62,82,64,70,62,75,64,71,62,79,63,67,62,82,65,81,64,83,69,81,64,82,70,75,64,84,64,71,61,75,62,66,60,65,60,64,60,69,61,63,59,71,61,67,60,71,61,69,59,70,61,64,59,70,59,63,59,69,61,63,59,64,61,61,59,65,59,61,55,64,59,61,55,62,59,62,57,62,59,61,55,62,59,61,57,64,59,61,55,65,60,61,58,65,60,61,56,64,60,63,58,63,61,61,55,65,59,61,58,64,59,61,58,63,59,61,58,65,60,63
69,88,74,80,64,88,73,82,65,88,69,80,69,88,73,88,71,88,78,88,74,89,85,85,79,89,83,88,73,88,85,88,70,88,81,88,74,89,82,88,76,89,85,88,77,89,84,89,75,89,82,88,80,90,83,89,82,90,85,89,80,89,86,89,80,56,49,65,88,57,36,55,66,55,53,65,89,62,60,83,91,85,69,88,91,74,63,85,90,64,59,65,89,61,58,66,88,62,60,73,89,62,60,74,90,64,58,68,88,102,91,91,87,91,91,101,91,92,88,88,82,90,85,87,65,80,65,74,64,81,68,77,65,81,70,84,65,87,70,79,64,86,66,79,64,85,65,79,65,87,69,79,65,87,71,80,64,88,70,74,62,80,64,70,62,74,62,64,60,66,60,64,61,73,62,64,60,69,62,68,61,71,62,65,60,71,62,65,59,67,62,65,61,74,62,65,60,71,62,65,61,70,62,66,61,70,62,66,61,70,62,66,61,72,62,64,61,72,62,71,61,73,62,70,62,75,62,67,62,72,64,75,62,74,64,71,62,74,64,74,62,82,64,70,62,79,64,77,64,81,65,72,62,87,66,75
62,82,64,66,61,72,64,71,62,73,62,68,62,79,64,70,62,80,64,71,62,82,64,72,62,75,64,71,62,78,62,69,62,70,62,66,60,72,62,66,62,74,62,64,62,71,64,69,61,74,62,65,62,72,64,69,62,73,64,64,62,74,64,68,61,38,35,56,67,39,35,36,56,40,36,56,66,56,43,62,85,61,56,62,76,56,40,60,74,50,36,56,64,47,36,56,64,51,40,60,71,49,41,60,72,49,38,56,64,90,82,70,62,85,80,89,75,85,64,67,62,70,62,62,59,62,56,60,56,62,60,60,56,64,61,62,56,64,60,62,58,64,61,62,59,64,61,64,60,70,62,65,62,72,62,68,62,70,62,65,60,71,61,62,59,66,60,62,56,64,59,62,58,67,60,62,59,66,62,65,60,67,62,66,60,69,61,63,59,68,60,64,59,71,61,63,60,65,60,64,59,67,61,63,59,64,59,63,58,68,61,61,59,64,61,65,59,69,61,61,59,67,61,63,60,69,61,65,59,66,61,62,59,69,61,62,59,69,59,63,58,65,61,61,58,69,59,64,59,66,60,63,59,68,61,63
60,74,64,64,60,70,62,71,62,71,62,71,62,78,64,70,63,79,66,70,64,83,64,71,64,85,68,72,62,84,65,72,64,82,65,79,62,85,65,74,64,82,66,81,65,84,65,74,64,84,66,82,64,82,70,80,65,87,68,82,68,88,68,81,66,48,39,62,72,46,35,42,62,49,42,60,71,59,56,70,89,62,60,71,88,62,60,65,85,56,47,62,82,56,41,60,78,59,51,62,74,56,49,64,88,56,42,60,71,91,88,88,65,89,89,91,88,90,76,85,70,88,70,71,61,68,62,67,62,74,62,65,62,79,64,71,64,79,64,65,62,71,64,65,60,74,62,66,61,74,64,70,62,74,64,70,62,72,64,65,61,72,61,64,59,65,60,63,59,63,59,62,56,64,60,62,56,63,60,62,56,66,60,62,56,64,60,62,56,62,56,62,59,62,60,60,56,62,56,60,56,62,56,60,56,62,56,60,56,62,56,61,56,62,56,62,56,63,60,61,56,64,60,62,58,62,60,62,59,65,60,64,59,66,60,62,60,66,60,62,59,65,61,63,60,70,60,63,60,68,62,65,60,71,61,65
61,84,64,69,60,78,63,71,61,73,62,68,61,81,64,69,61,82,64,74,61,84,63,71,61,82,69,76,63,82,63,78,61,80,64,71,61,83,67,70,61,84,64,78,63,80,63,75,61,81,63,73,61,84,64,73,63,81,64,77,62,81,64,71,61,42,35,59,71,45,35,40,60,40,36,60,69,56,49,63,88,64,59,70,88,60,52,64,87,56,44,60,72,56,44,60,71,56,45,62,80,56,49,62,84,56,43,60,71,91,88,88,65,89,89,91,89,90,83,88,74,88,74,74,62,75,62,69,62,80,64,74,62,84,70,85,65,88,70,82,65,88,69,80,65,88,70,85,65,88,78,87,68,88,72,88,71,89,85,88,70,89,77,85,69,87,71,84,64,85,64,75,64,85,72,79,66,88,72,85,67,88,71,79,62,85,70,82,64,80,65,72,64,81,65,73,62,80,66,70,62,80,64,70,62,79,64,67,62,76,64,71,62,74,62,66,61,71,62,67,61,72,61,64,60,68,61,65,60,67,61,64,60,67,61,64,59,66,60,62,56,66,60,62,57,65,61,64,59,65,60,64,59,68,62,64
65,86,70,79,64,85,70,82,64,80,66,76,64,88,70,79,70,88,79,85,71,88,72,84,71,88,80,85,70,86,72,85,66,88,72,81,66,88,71,85,66,88,72,80,68,88,70,85,70,89,73,86,66,89,72,85,67,89,72,86,67,89,74,84,72,49,39,63,83,53,36,43,63,56,48,63,83,61,57,72,91,69,61,74,90,63,60,66,89,62,55,63,83,58,50,63,86,61,50,64,89,62,57,65,88,61,56,63,83,94,90,90,71,91,90,92,89,91,80,89,69,87,71,71,62,71,63,71,62,76,63,71,63,79,65,74,63,79,65,73,63,73,65,66,61,73,63,66,63,73,65,73,63,79,65,72,63,78,65,74,63,75,63,66,62,69,62,63,61,66,61,63,61,69,62,63,61,67,63,67,61,71,63,65,60,67,63,65,62,67,62,65,62,70,62,65,61,68,62,64,61,66,62,64,61,68,63,67,61,71,63,67,63,73,63,66,62,74,63,67,61,71,63,67,62,68,63,67,62,71,63,67,62,71,63,70,62,73,63,68,62,74,65,67,63,75,63,69,63,75,63,72,62,73,65,73
59,66,60,62,55,64,60,63,59,64,59,61,59,68,60,62,59,65,60,63,59,65,61,63,60,68,60,62,59,65,61,64,59,65,60,63,59,67,61,63,59,66,60,63,59,66,60,62,59,65,60,63,59,66,61,61,59,66,61,63,59,68,61,65,59,35,34,55,62,37,33,35,55,35,34,55,63,44,35,60,81,59,53,61,84,60,46,61,77,58,43,60,71,54,39,59,73,55,45,61,72,55,48,62,81,48,41,59,70,90,88,87,64,89,87,90,87,89,78,87,69,87,69,78,61,72,61,69,61,79,63,69,62,87,69,81,64,87,71,80,63,85,67,79,65,86,65,79,67,87,70,84,69,87,81,87,76,88,79,87,75,87,73,81,64,87,66,80,63,84,63,78,63,83,63,73,63,87,72,87,67,87,70,78,63,87,74,84,63,85,69,82,67,87,69,79,63,87,66,83,65,87,65,77,63,81,64,72,63,81,68,72,63,81,63,74,63,82,67,74,61,80,64,70,61,83,63,71,61,81,65,71,61,80,63,71,61,81,63,73,61,76,62,69,61,80,63,72,61,78,63,72,61,77,63,65
64,86,67,75,62,82,70,79,64,84,65,74,62,77,67,75,64,82,69,75,64,83,70,82,65,81,64,79,62,82,65,74,62,81,64,68,62,74,64,71,62,79,64,71,61,71,64,65,62,73,62,65,61,71,64,65,62,74,64,66,62,72,62,63,60,37,35,56,64,36,33,35,50,35,35,45,62,40,35,56,66,56,47,62,70,55,38,60,67,45,36,51,62,43,35,50,62,42,35,50,62,37,35,50,64,38,35,49,62,88,70,70,60,81,78,88,71,83,62,64,60,69,61,61,54,60,56,60,54,62,56,61,56,64,60,62,59,64,61,62,56,65,60,62,56,64,60,64,59,65,60,65,61,75,62,70,62,75,63,69,62,71,62,70,61,68,62,65,61,65,61,64,60,71,62,64,60,74,64,71,62,79,64,67,62,80,64,71,62,82,62,71,64,82,66,71,62,78,65,71,63,80,64,70,62,81,66,72,62,79,64,71,62,82,65,73,62,82,70,75,64,82,66,80,62,83,64,74,64,84,65,81,64,85,67,80,64,82,65,75,64,84,70,80,64,85,71,75,64,88,70,79,66,85,65,80
68,87,71,80,65,81,68,80,63,81,65,72,63,85,66,74,63,84,66,75,63,80,65,74,63,75,65,73,63,75,63,68,61,71,63,70,63,72,63,67,62,71,63,66,61,72,63,65,62,71,63,65,61,69,63,64,61,68,63,65,60,70,63,66,61,37,36,57,64,42,36,36,57,37,36,57,65,47,43,63,83,61,57,63,85,60,50,62,79,57,44,61,71,57,43,62,75,57,45,61,77,57,44,63,83,51,41,61,71,92,89,89,68,91,91,92,90,92,84,86,68,89,71,75,63,73,63,67,63,77,65,73,65,83,69,86,66,87,71,81,65,86,69,81,65,83,68,76,65,86,71,85,71,89,82,89,73,89,80,87,71,89,73,83,66,84,71,86,65,83,66,72,65,86,71,75,65,86,71,81,68,89,77,83,65,88,74,86,71,89,71,86,67,89,75,86,66,89,75,83,66,89,71,80,66,89,71,82,66,86,71,86,67,89,71,80,66,89,74,86,66,86,71,85,68,86,69,81,67,89,74,84,69,89,71,80,68,89,73,85,68,89,73,84,66,89,72,81,66,88,72,86,67,87,70,81
64,87,69,72,62,84,65,80,64,78,64,74,64,86,67,75,64,85,70,80,65,85,67,80,65,88,69,74,62,83,70,74,64,85,67,74,64,82,67,79,63,82,64,73,62,83,64,71,62,82,65,71,63,78,64,69,62,79,64,71,62,80,64,70,62,39,35,56,67,39,33,36,59,40,37,56,65,56,46,63,88,61,56,66,84,60,49,62,77,56,40,60,67,49,36,59,70,53,40,59,70,56,45,61,74,54,37,57,69,90,81,81,62,85,85,89,82,88,65,67,62,75,62,62,56,62,56,62,56,65,61,62,60,70,62,64,61,70,62,63,60,70,60,64,56,65,60,62,60,70,62,65,60,70,62,65,61,72,62,65,60,70,61,62,60,64,60,62,56,62,56,62,56,64,60,62,60,64,61,65,60,70,62,66,59,70,62,64,60,65,61,67,61,70,62,64,60,70,61,64,60,65,61,64,60,65,61,64,60,67,62,64,60,70,60,64,61,68,61,66,62,66,62,65,60,71,62,64,62,73,62,65,60,70,62,65,61,70,62,65,60,71,62,64,60,71,62,65,60,68,62,65,60,72,64,64
66,86,68,73,64,75,67,73,64,74,64,71,64,79,66,75,64,84,66,73,66,84,66,73,66,81,66,79,64,83,66,73,64,81,66,70,64,84,66,72,66,81,66,73,64,76,66,72,66,76,66,73,64,74,66,76,64,82,66,72,64,83,65,74,63,44,37,63,71,46,36,41,61,42,37,57,69,57,46,65,89,65,60,71,89,63,58,66,89,61,49,63,81,57,50,62,80,61,55,63,86,57,55,65,89,57,45,63,80,92,89,89,72,91,90,94,90,91,86,88,72,89,71,75,63,73,63,72,63,79,65,79,65,86,71,82,65,84,67,75,65,82,66,73,63,80,65,71,63,81,65,73,65,83,66,83,66,83,71,82,63,83,66,71,63,76,65,71,63,69,61,65,62,71,63,65,60,71,63,65,63,72,63,66,60,67,63,65,61,66,63,65,60,69,61,63,61,66,61,63,60,65,61,63,57,65,61,63,57,63,61,63,60,65,61,63,61,65,61,64,61,66,61,64,59,65,61,63,59,65,61,63,57,65,61,63,60,65,62,63,60,66,61,65,57,66,61,63,60,66,61,65,61,66,62,65
62,73,62,64,59,71,62,65,59,68,62,64,62,71,62,65,62,74,64,68,62,74,63,65,62,72,62,71,62,74,62,70,62,77,62,66,60,77,62,65,61,71,62,70,62,72,62,70,62,70,62,65,60,74,62,67,62,70,64,70,62,71,64,70,62,39,35,59,64,40,35,36,56,35,35,52,65,46,38,60,83,62,56,68,88,61,56,64,85,56,43,59,70,56,41,60,70,56,42,62,73,51,49,62,81,51,41,60,70,91,88,87,65,89,89,91,88,90,80,85,70,88,71,74,62,71,64,70,62,82,66,74,64,85,71,81,69,88,70,85,66,85,67,82,64,84,72,82,68,88,73,87,73,88,85,88,82,89,82,88,74,88,84,85,75,88,74,82,68,87,70,80,65,88,70,79,66,87,82,88,70,88,75,87,68,87,79,87,69,87,72,86,69,87,72,87,69,87,71,87,69,87,70,84,67,87,70,81,64,87,70,80,66,87,72,80,64,86,70,84,64,86,70,81,63,87,69,84,69,84,72,84,69,86,69,79,66,84,70,83,65,84,66,81,63,83,69,78,63,84,69,77,63,84,68,76
66,86,71,79,62,83,69,82,63,82,64,78,63,86,68,80,68,86,71,83,67,86,69,83,69,86,69,83,68,86,71,86,71,86,69,83,68,86,71,86,68,86,70,83,67,86,72,83,68,86,69,84,67,86,69,83,66,86,73,83,63,86,71,80,63,47,35,60,76,46,33,35,58,40,34,58,68,57,50,65,89,65,59,71,89,62,57,65,86,61,46,61,74,55,40,61,71,57,42,61,71,56,45,61,76,57,41,59,67,91,86,75,63,86,86,90,82,89,66,69,63,72,63,65,57,63,57,63,57,65,57,63,60,66,61,65,61,66,62,64,61,66,62,65,61,68,62,63,60,71,63,69,62,76,63,71,62,72,63,65,61,72,63,65,61,66,62,65,61,67,61,64,60,68,62,63,61,71,63,66,63,75,63,67,61,71,65,71,61,75,63,71,63,80,63,67,62,74,65,73,63,75,63,69,63,79,63,71,63,80,65,75,63,81,65,76,63,81,65,76,65,82,66,80,65,83,65,75,65,86,70,73,64,84,68,81,66,86,66,83,66,85,71,81,67,88,73,83,66,89,71,82,67,88,71,83
63,79,63,65,61,71,63,70,62,72,63,66,63,76,65,73,63,81,65,72,63,80,65,71,63,76,65,73,63,81,65,71,63,81,65,71,63,82,65,70,64,79,65,71,64,81,65,71,63,81,66,78,64,74,65,75,63,82,67,72,64,82,65,74,63,41,37,60,71,43,36,38,61,43,37,57,75,52,46,63,89,63,57,67,89,63,57,65,88,61,53,63,80,57,52,63,79,61,50,62,76,60,50,63,83,56,46,62,73,92,89,88,66,90,89,92,89,91,75,84,66,86,66,71,61,66,63,65,63,71,63,71,63,81,65,78,63,78,65,71,63,73,63,68,63,74,65,71,65,82,66,73,65,86,71,79,65,87,66,75,65,79,65,73,63,76,63,72,63,73,63,66,63,76,65,69,63,81,64,72,63,82,69,74,61,81,64,77,63,77,63,75,63,82,64,70,62,85,69,72,63,79,64,72,63,83,63,73,63,79,64,78,63,81,66,78,63,82,67,73,61,84,65,71,61,75,63,70,61,79,63,69,61,79,63,67,61,77,63,69,61,75,63,67,61,72,63,64,61,72,63,66,61,68,61,65
64,88,70,72,62,85,67,79,64,76,62,72,64,82,66,79,62,80,67,72,64,85,65,75,63,82,65,73,64,80,64,71,64,80,64,74,64,79,64,71,62,78,64,72,62,81,64,70,62,75,62,70,62,75,64,72,62,77,64,71,62,80,64,71,62,42,35,59,64,42,35,36,56,38,35,56,64,42,36,58,75,61,51,62,72,56,49,62,74,53,38,56,64,48,36,56,65,46,41,57,65,49,38,56,66,46,36,56,62,88,74,70,61,82,81,88,73,83,63,64,60,71,62,62,56,62,56,62,60,62,60,62,57,66,61,64,60,65,61,62,59,63,60,62,59,64,60,64,60,70,62,65,61,72,62,70,62,73,62,70,62,70,62,64,60,67,62,62,60,65,60,64,60,66,61,63,60,70,62,65,62,71,62,65,60,70,62,70,62,70,62,66,62,71,62,65,61,73,62,66,61,71,62,65,61,70,62,64,61,70,62,65,61,70,62,65,61,73,62,65,62,70,62,64,62,69,62,66,62,74,62,66,61,70,62,64,62,70,62,66,60,70,62,68,62,73,62,66,61,70,61,72,61,70,62,68
65,82,65,71,62,71,65,69,63,74,63,67,63,72,63,69,63,72,63,71,63,72,65,70,63,73,63,66,61,67,63,65,61,66,63,65,60,70,63,65,60,69,63,65,61,71,63,66,60,71,63,65,63,71,63,66,62,72,63,66,62,71,63,68,61,37,36,53,63,37,34,37,55,36,36,57,63,48,39,61,84,62,57,65,81,62,51,63,78,57,43,60,66,50,37,57,66,50,41,60,67,50,42,61,67,57,42,60,65,91,86,83,63,89,88,90,80,89,66,73,65,83,65,66,60,64,61,66,62,72,64,66,63,79,65,72,63,78,65,71,63,78,63,71,63,75,65,79,65,85,71,82,70,89,76,87,71,89,75,86,66,89,69,79,65,86,71,81,65,81,65,73,65,84,70,79,65,88,72,85,70,88,78,88,70,88,77,88,70,88,71,88,70,88,80,85,70,88,71,85,70,88,73,85,65,88,76,85,70,88,71,86,74,88,78,88,70,88,74,87,70,88,80,88,73,88,74,85,70,88,75,88,68,88,73,84,70,88,74,87,72,88,71,85,72,88,72,85,70,88,70,85,66,88,75,85
64,82,66,72,63,76,64,72,62,72,64,69,64,78,66,72,64,81,66,72,64,76,66,73,64,76,66,72,64,75,66,67,64,75,64,69,63,73,64,68,62,73,64,68,62,73,64,67,63,73,64,66,62,73,64,67,63,73,64,66,62,68,64,66,62,37,37,51,64,37,30,37,51,37,37,51,64,44,37,59,74,55,43,59,69,50,38,55,67,48,35,55,61,41,34,55,62,53,38,59,64,43,35,57,69,48,34,48,60,88,75,67,59,82,75,88,72,84,63,65,60,70,61,61,55,61,55,61,55,63,59,61,58,64,61,63,58,65,61,63,59,69,60,61,59,63,59,62,59,65,61,63,61,70,62,64,59,72,61,66,61,68,61,64,59,64,59,61,57,64,56,61,59,65,59,61,59,65,61,63,59,69,61,63,59,65,61,64,59,64,60,65,61,69,61,64,59,69,61,65,59,70,61,64,59,70,61,63,61,70,61,64,61,74,63,70,61,70,63,70,61,81,63,69,61,79,63,71,61,79,63,71,61,79,64,73,63,81,65,72,63,84,64,79,63,84,69,78,63,84,66,75,63,84,68,84
61,81,69,69,61,78,63,70,61,73,61,70,61,80,63,70,62,81,64,71,63,80,64,78,63,82,69,79,63,81,64,73,63,84,64,79,61,83,66,78,63,84,65,80,63,84,69,81,64,87,68,77,63,84,69,83,65,83,69,80,63,84,69,79,63,47,37,61,72,44,34,41,61,47,39,58,70,55,51,64,88,63,59,69,88,60,55,63,87,59,47,59,73,58,52,62,80,58,54,63,79,56,48,61,76,55,40,59,69,90,86,84,63,87,87,89,84,87,70,73,61,78,61,65,58,64,61,63,60,66,61,63,61,72,63,66,62,71,63,65,61,68,62,63,61,65,62,63,60,65,62,64,61,71,63,65,61,71,62,63,57,66,61,63,57,63,57,61,51,63,57,62,56,63,57,61,57,63,60,63,57,63,61,63,57,63,61,63,57,65,60,63,60,66,61,63,57,63,61,63,57,65,60,61,57,63,59,63,57,63,60,63,57,65,61,63,60,66,61,63,61,66,61,65,61,66,63,65,61,66,63,65,61,67,63,65,61,72,63,67,61,72,63,65,63,72,63,65,61,72,63,68,63,70,63,71
73,89,79,83,64,88,79,85,71,88,72,85,70,88,80,88,71,89,81,88,72,89,82,88,79,89,85,88,80,90,88,88,81,89,86,88,80,89,85,88,78,89,85,88,80,89,86,89,74,89,84,88,79,90,88,88,85,90,87,89,80,89,87,88,85,59,44,64,88,56,36,54,64,56,45,64,88,62,57,71,90,71,63,86,90,64,60,72,89,62,56,64,85,60,49,62,85,61,56,65,85,56,49,64,85,60,46,62,77,91,88,88,66,89,89,91,88,90,76,83,67,85,64,70,60,65,60,64,59,69,62,65,61,75,63,65,62,72,64,69,60,66,62,64,60,65,62,64,60,70,62,65,61,72,62,71,62,72,62,70,62,72,64,65,60,70,62,64,60,64,60,64,59,70,61,62,59,70,62,70,62,71,62,64,60,72,62,64,60,70,62,69,62,71,64,70,62,72,62,74,62,71,63,67,62,72,64,70,62,77,64,70,62,79,64,72,62,79,64,71,64,83,67,71,64,80,65,76,63,82,65,75,64,85,65,74,64,83,70,72,65,85,70,81,64,83,69,71,65,85,70,74,64,85,70,83
64,86,65,71,62,77,65,71,62,79,62,69,62,74,64,69,62,75,64,73,62,77,62,72,62,80,64,72,62,74,62,71,62,79,62,69,62,71,62,69,62,72,62,69,62,75,64,70,62,73,64,71,62,79,64,72,62,79,64,70,62,74,64,72,62,39,35,58,66,40,35,37,59,48,36,59,65,49,42,64,88,62,56,64,85,60,55,64,82,56,42,60,71,60,50,62,71,56,43,62,87,56,45,61,74,56,40,60,67,90,85,85,65,89,88,90,88,90,75,78,64,82,64,70,60,65,61,65,61,72,62,66,62,75,64,75,64,82,64,70,62,74,64,71,62,78,64,67,62,82,64,75,62,85,71,81,65,88,71,74,64,85,70,74,62,82,64,74,63,78,64,70,62,85,64,70,62,82,70,80,65,85,71,79,62,88,70,79,65,88,68,82,70,88,74,83,69,89,78,86,72,89,72,86,66,89,72,83,71,89,74,88,71,89,81,87,73,89,82,89,73,90,84,89,74,89,80,89,74,90,82,89,75,89,83,89,75,90,86,89,80,90,81,89,75,90,83,89,79,90,77,89,75,90,81,89
62,75,64,65,60,70,62,65,60,70,62,66,61,73,62,65,61,72,62,65,60,70,62,65,60,66,62,65,62,70,62,65,62,70,62,65,61,74,62,65,60,70,62,65,60,67,62,69,62,71,62,65,61,71,62,65,61,71,64,69,62,78,64,67,62,37,35,56,64,42,35,36,56,36,36,56,65,49,42,62,85,60,56,64,85,59,49,60,80,59,44,60,71,56,48,62,74,56,49,61,82,56,45,62,75,56,46,60,66,91,88,88,65,89,89,90,87,90,75,82,65,85,64,70,60,67,62,65,62,76,64,64,62,83,65,76,62,78,67,73,62,78,65,66,63,74,65,73,63,82,65,80,66,85,71,81,65,88,66,81,65,83,67,76,63,81,65,68,63,77,63,71,65,82,65,71,63,82,66,79,65,80,66,77,63,82,67,80,63,83,65,76,65,86,71,75,65,82,69,81,65,85,70,79,65,83,71,77,65,86,66,83,66,89,71,85,67,89,71,83,68,89,72,86,71,89,74,86,68,89,75,86,71,90,76,89,72,89,72,89,74,89,80,89,72,90,83,89,72,90,81,89,73,90,83,89
70,89,71,80,65,86,73,89,70,86,67,76,66,89,73,84,70,89,72,89,71,87,73,86,71,89,73,85,69,89,73,89,66,89,73,86,70,89,73,83,69,89,73,89,72,89,73,83,67,89,76,82,69,89,71,86,66,89,80,81,69,89,72,83,66,53,39,63,80,47,36,41,63,50,43,61,73,61,57,71,90,65,58,68,89,61,57,65,86,60,50,61,71,56,43,61,76,57,42,61,71,52,43,61,76,50,37,57,65,91,87,83,65,89,87,91,82,89,66,72,63,73,63,63,57,63,57,63,57,65,61,63,57,66,62,65,60,65,61,63,60,65,60,63,57,64,57,63,57,65,61,63,60,67,63,65,61,68,63,65,61,71,62,65,60,65,61,63,60,64,60,63,57,65,61,63,57,66,62,64,62,71,61,65,60,69,63,68,61,67,63,67,62,74,63,66,61,72,63,66,61,72,63,66,61,73,63,65,62,74,63,71,63,73,65,71,63,72,65,71,63,75,65,73,63,80,65,71,63,78,65,73,63,81,66,73,63,83,66,73,63,82,65,72,65,76,63,74,60,78,66,77,60,79,63,74
68,87,70,78,63,81,67,78,63,78,64,71,61,84,64,72,63,82,65,81,64,83,66,78,64,82,63,80,63,84,63,73,61,84,63,69,61,73,63,72,61,78,62,68,61,78,63,68,60,71,63,64,59,69,61,63,59,68,60,64,59,69,61,63,59,38,34,55,61,35,33,35,55,34,34,44,61,41,34,56,69,55,44,61,69,54,36,59,64,50,35,55,61,45,35,55,61,47,35,55,63,40,35,55,64,39,34,48,61,87,70,69,59,80,71,87,73,79,61,69,61,71,60,63,55,61,59,62,59,63,59,63,59,68,61,65,59,69,61,65,59,69,60,63,59,65,61,66,61,73,61,66,61,78,63,69,61,81,63,70,61,78,61,67,61,74,61,68,59,69,60,64,61,71,61,64,60,73,62,69,61,80,63,67,60,73,63,70,61,72,63,69,62,81,63,70,61,78,63,69,61,81,63,67,61,78,63,69,61,76,63,65,61,77,63,70,63,78,63,68,61,77,64,71,61,77,61,69,61,77,63,73,61,74,63,70,61,72,63,70,61,78,63,71,61,79,64,70,61,81,65,72,61,80,63,70
66,90,72,76,64,84,72,76,64,81,66,75,66,82,73,80,65,85,72,82,66,86,70,79,66,87,67,81,64,84,66,72,64,81,66,74,66,84,66,74,64,82,67,72,64,81,66,72,64,82,66,72,64,84,66,72,64,77,66,68,64,77,64,70,64,41,37,61,70,40,37,38,58,38,37,58,66,52,39,62,87,63,58,65,88,61,51,64,83,58,43,58,70,52,38,61,67,51,43,61,67,52,42,59,72,47,38,58,67,91,79,74,64,87,87,91,83,87,66,68,64,76,64,64,58,64,62,64,58,66,62,64,58,71,64,65,62,67,62,66,58,65,62,63,58,66,62,64,61,67,62,66,62,69,64,66,62,70,64,64,61,69,62,66,61,64,62,64,58,65,58,64,61,67,62,64,62,67,64,66,62,70,64,65,60,67,64,66,62,67,62,66,62,67,62,65,62,68,64,66,62,67,62,65,62,69,62,66,62,66,62,69,62,72,63,66,62,72,64,66,62,72,62,67,62,71,64,66,62,72,64,67,62,69,62,66,62,69,64,66,62,68,64,66,62,72,64,64,62,72,64,66,62,70,64,66
64,70,64,67,62,72,64,68,63,69,64,66,64,75,65,67,64,74,66,74,64,77,66,74,64,76,64,73,64,82,64,74,66,80,66,74,64,80,67,75,64,87,67,75,64,87,66,76,66,83,66,81,66,84,69,86,66,86,68,73,66,87,72,82,67,51,38,63,74,44,37,42,64,47,38,62,74,58,54,66,91,67,62,73,91,66,61,66,90,62,54,64,83,58,48,64,83,63,58,66,90,62,51,66,87,61,47,64,74,93,90,90,72,91,91,93,91,92,84,90,74,90,74,76,64,74,64,68,64,72,66,73,66,82,70,84,66,87,66,76,64,83,67,72,64,82,66,72,64,79,66,76,66,84,68,74,64,82,66,74,66,72,65,72,62,72,64,67,62,66,62,66,62,67,62,65,61,67,64,66,62,71,62,66,58,66,63,64,61,66,62,64,61,67,61,64,58,66,61,64,58,64,58,62,54,64,58,62,56,64,60,62,58,66,61,64,58,65,62,64,58,66,62,64,58,65,60,62,56,64,60,62,59,65,60,63,58,64,61,62,60,65,60,64,60,66,61,64,60,66,62,64,62,70,62,64
77,90,85,89,71,89,83,89,77,89,81,89,75,90,85,89,80,91,86,89,81,90,87,89,75,90,86,89,81,91,83,89,73,89,81,89,80,90,82,89,78,89,83,89,76,90,86,89,81,90,82,89,75,90,79,89,80,90,86,89,74,90,82,89,80,60,52,65,88,61,39,53,65,52,46,63,88,61,56,71,91,68,63,82,91,65,61,80,90,65,61,71,89,63,55,67,89,63,57,65,89,63,60,71,89,61,57,65,86,96,91,90,75,92,91,94,91,92,86,89,76,89,75,75,63,74,64,71,64,81,65,71,63,83,66,79,65,83,65,75,63,83,65,73,63,80,65,72,63,85,68,81,67,86,73,83,66,86,71,75,65,83,67,73,63,77,63,71,63,72,63,65,63,74,63,65,63,75,65,75,63,77,65,70,62,80,65,71,62,72,63,69,63,76,65,71,63,81,65,72,63,81,65,72,63,75,65,74,63,80,63,71,63,82,65,71,65,82,65,75,63,80,65,72,65,83,65,72,64,83,65,80,65,85,65,74,63,80,65,72,65,84,65,77,65,83,69,76,65,83,67,76,65,85,66,76
